"","study_ID","long_cite","short_cite","peer_reviewed","coder","participant_age","expt_num","expt_condition","same_infant","method","participant_design","response_mode","exposure_phase","infant_type","dependent_measure","n_1","mean_age_1","age_range_1","n_excluded_1","gender_1","natural","homospecific","vocal","test_lang","contrast_stim","x_1","x_2","SD_1","SD_2","t","F","r","d","d_var","corr","F..1.n.","df.F.","notes_code","note_stats","stimuli_link","data_link","age_range_2","n_excluded_2","gender_2","group_name_1","group_name_2","n_2","mean_age_2","native_lang"
"1","may2018","May L., Gervain J., Carreiras M., Werker J.F. (2019).The specificity of the neural response to speech at birth. Developmental Science. https://doi.org/10.1111/desc.12564","May et al. (2018)","yes","CI","infant",1,"fwd_vs_backward_native","may2018_1","PL","within_two","NIRS","test_only","typical","mean_amplitude",24,1.46,3,17,NA,"no","yes","no","native","backward",0.052,0.009,0.068,0.078,NA,NA,NA,NA,NA,NA,NA,NA,"Left hemisphere","",NA,NA,NA,NA,NA,NA,NA,NA,NA,NA
"2","may2018","May L., Gervain J., Carreiras M., Werker J.F. (2019).The specificity of the neural response to speech at birth. Developmental Science. https://doi.org/10.1111/desc.12564","May et al. (2018)","yes","CI","infant",1,"fwd_vs_backward_native","may2018_1","PL","within_two","NIRS","test_only","typical","mean_amplitude",24,1.46,3,17,NA,"no","yes","no","native","backward",0.0342,0.0096,0.079,0.065,NA,NA,NA,NA,NA,NA,NA,NA,"right hemisphere","",NA,NA,NA,NA,NA,NA,NA,NA,NA,NA
"3","may2018","May L., Gervain J., Carreiras M., Werker J.F. (2019).The specificity of the neural response to speech at birth. Developmental Science. https://doi.org/10.1111/desc.12564","May et al. (2018)","yes","CI","infant",1,"fwd_vs_backward_foreign","may2018_1","PL","within_two","NIRS","test_only","typical","mean_amplitude",24,1.46,3,17,NA,"no","yes","no","foreign","backward",0.032,0.027,0.065,0.079,NA,NA,NA,NA,NA,NA,NA,NA,"Left hemisphere","",NA,NA,NA,NA,NA,NA,NA,NA,NA,NA
"4","may2018","May L., Gervain J., Carreiras M., Werker J.F. (2019).The specificity of the neural response to speech at birth. Developmental Science. https://doi.org/10.1111/desc.12564","May et al. (2018)","yes","CI","infant",1,"fwd_vs_backward_foreign","may2018_1","PL","within_two","NIRS","test_only","typical","mean_amplitude",24,1.46,3,17,NA,"no","yes","no","foreign","backward",0.0178,0.0185,0.065,0.065,NA,NA,NA,NA,NA,NA,NA,NA,"right hemisphere","",NA,NA,NA,NA,NA,NA,NA,NA,NA,NA
"5","may2018","May L., Gervain J., Carreiras M., Werker J.F. (2019).The specificity of the neural response to speech at birth. Developmental Science. https://doi.org/10.1111/desc.12564","May et al. (2018)","yes","CI","infant",2,"fwd_vs_backward_foreign","may2018_2","PL","within_two","NIRS","test_only","typical","mean_amplitude",20,1.21,4,14,NA,"no","yes","no","foreign","backward",0.087,0.021,0.075,0.077,NA,NA,NA,NA,NA,NA,NA,NA,"Left hemisphere","",NA,NA,NA,NA,NA,NA,NA,NA,NA,NA
"6","may2018","May L., Gervain J., Carreiras M., Werker J.F. (2019).The specificity of the neural response to speech at birth. Developmental Science. https://doi.org/10.1111/desc.12564","May et al. (2018)","yes","CI","infant",2,"fwd_vs_backward_foreign","may2018_2","PL","within_two","NIRS","test_only","typical","mean_amplitude",20,1.21,4,14,NA,"no","yes","no","foreign","backward",0.066,0.035,0.096,0.071,NA,NA,NA,NA,NA,NA,NA,NA,"right hemisphere","",NA,NA,NA,NA,NA,NA,NA,NA,NA,NA
"7","may2018","May L., Gervain J., Carreiras M., Werker J.F. (2019).The specificity of the neural response to speech at birth. Developmental Science. https://doi.org/10.1111/desc.12564","May et al. (2018)","yes","CI","infant",2,"fwd_vs_backward_foreign","may2018_2","PL","within_two","NIRS","test_only","typical","mean_amplitude",20,1.21,4,14,NA,"no","yes","no","foreign","backward",0.0158,0,0.11,0.1,NA,NA,NA,NA,NA,NA,NA,NA,"Left hemisphere","",NA,NA,NA,NA,NA,NA,NA,NA,NA,NA
"8","may2018","May L., Gervain J., Carreiras M., Werker J.F. (2019).The specificity of the neural response to speech at birth. Developmental Science. https://doi.org/10.1111/desc.12564","May et al. (2018)","yes","CI","infant",2,"fwd_vs_backward_foreign","may2018_2","PL","within_two","NIRS","test_only","typical","mean_amplitude",20,1.21,4,14,NA,"no","yes","no","foreign","backward",0.008,0.016,0.11,0.078,NA,NA,NA,NA,NA,NA,NA,NA,"right hemisphere","",NA,NA,NA,NA,NA,NA,NA,NA,NA,NA
"9","Ecklund-Flores1996","Ecklundâ€<90>Flores, L. and Turkewitz, G. (1996). Asymmetric headturning to speech and nonspeech in human newborns. Developmental Psychobiology 29, 205-217.","Ecklund-Flores & Turkewitz (1996)","yes","CI","infant",1,"speech_vs_heartbeat","ecklund-flores1","HPP","within_two","behavior","test_only","typical","pc_head_turns",12,1.5,2,3.2,NA,"yes","yes","no","native","heartbeat",0.33,0.38,0.07,0.09,NA,NA,NA,NA,NA,NA,NA,NA,"comparison between heartbeat and unfiltered speech, left turn","",NA,NA,NA,NA,NA,NA,NA,NA,NA,NA
"10","Ecklund-Flores1996","Ecklundâ€<90>Flores, L. and Turkewitz, G. (1996). Asymmetric headturning to speech and nonspeech in human newborns. Developmental Psychobiology 29, 205-217.","Ecklund-Flores & Turkewitz (1996)","yes","CI","infant",1,"speech_vs_heartbeat","ecklund-flores1","HPP","within_two","behavior","test_only","typical","pc_head_turns",12,1.5,2,3.2,NA,"yes","yes","no","native","heartbeat",0.58,0.38,0.08,0.06,2.53,NA,NA,NA,NA,NA,NA,NA,"comparison between heartbeat and unfiltered speech, right turn","",NA,NA,NA,NA,NA,NA,NA,NA,NA,NA
"11","Ecklund-Flores1996","Ecklundâ€<90>Flores, L. and Turkewitz, G. (1996). Asymmetric headturning to speech and nonspeech in human newborns. Developmental Psychobiology 29, 205-217.","Ecklund-Flores & Turkewitz (1996)","yes","CI","infant",2,"unfiltered_vs_LPfiltered_speech","ecklund-flores2","HPP","within_two","behavior","test_only","typical","pc_head_turns",12,1.5,2,3.2,NA,"yes","yes","yes","native","LPfiltered",0.28,0.28,0.07,0.04,NA,NA,NA,NA,NA,NA,NA,NA,"comparison between low-pass filtered and unfiltered speech, left turn","",NA,NA,NA,NA,NA,NA,NA,NA,NA,NA
"12","Ecklund-Flores1996","Ecklundâ€<90>Flores, L. and Turkewitz, G. (1996). Asymmetric headturning to speech and nonspeech in human newborns. Developmental Psychobiology 29, 205-217.","Ecklund-Flores & Turkewitz (1996)","yes","CI","infant",2,"unfiltered_vs_LPfiltered_speech","ecklund-flores2","HPP","within_two","behavior","test_only","typical","pc_head_turns",12,1.5,2,3.2,NA,"yes","yes","yes","native","LPfiltered",0.61,0.53,0.09,0.08,NA,NA,NA,NA,NA,NA,NA,NA,"comparison between low-pass filtered and unfiltered speech, right turn","",NA,NA,NA,NA,NA,NA,NA,NA,NA,NA
"13","Ecklund-Flores1996","Ecklundâ€<90>Flores, L. and Turkewitz, G. (1996). Asymmetric headturning to speech and nonspeech in human newborns. Developmental Psychobiology 29, 205-217.","Ecklund-Flores & Turkewitz (1996)","yes","CI","infant",3,"unfiltered vs high-pass filtered speech","ecklund-flores3","HPP","within_two","behavior","test_only","typical","pc_head_turns",10,1.5,2,3.2,NA,"no","yes","yes","native","HPfiltered",0.38,0.37,0.09,0.08,NA,NA,NA,NA,NA,NA,NA,NA,"comparison between high-pass filtered and unfiltered speech, left turn","",NA,NA,NA,NA,NA,NA,NA,NA,NA,NA
"14","Ecklund-Flores1996","Ecklundâ€<90>Flores, L. and Turkewitz, G. (1996). Asymmetric headturning to speech and nonspeech in human newborns. Developmental Psychobiology 29, 205-217.","Ecklund-Flores & Turkewitz (1996)","yes","CI","infant",3,"unfiltered vs high-pass filtered speech","ecklund-flores3","HPP","within_two","behavior","test_only","typical","pc_head_turns",10,1.5,2,3.2,NA,"no","yes","yes","native","HPfiltered",0.53,0.4,0.08,0.07,1.57,NA,NA,NA,NA,NA,NA,NA,"comparison between high-pass filtered and unfiltered speech, right turn","",NA,NA,NA,NA,NA,NA,NA,NA,NA,NA
"15","Ecklund-Flores1996","Ecklundâ€<90>Flores, L. and Turkewitz, G. (1996). Asymmetric headturning to speech and nonspeech in human newborns. Developmental Psychobiology 29, 205-217.","Ecklund-Flores & Turkewitz (1996)","yes","CI","infant",4,"unfiltered vs. band-pass filtered speech","ecklund-flores4","HPP","within_two","behavior","test_only","typical","pc_head_turns",14,1.5,2,3.2,NA,"no","yes","yes","native","BPfiltered",0.35,0.34,0.07,0.07,NA,NA,NA,NA,NA,NA,NA,NA,"comparison between band-pass filtered and unfiltered speech, left turn","",NA,NA,NA,NA,NA,NA,NA,NA,NA,NA
"16","Ecklund-Flores1996","Ecklundâ€<90>Flores, L. and Turkewitz, G. (1996). Asymmetric headturning to speech and nonspeech in human newborns. Developmental Psychobiology 29, 205-217.","Ecklund-Flores & Turkewitz (1996)","yes","CI","infant",4,"unfiltered vs. band-pass filtered speech","ecklund-flores4","HPP","within_two","behavior","test_only","typical","pc_head_turns",14,1.5,2,3.2,NA,"no","yes","yes","native","BPfiltered",0.54,0.5,0.05,0.07,NA,NA,NA,NA,NA,NA,NA,NA,"comparison between band-pass filtered and unfiltered speech, right turn","",NA,NA,NA,NA,NA,NA,NA,NA,NA,NA
"17","Ecklund-Flores1996","Ecklundâ€<90>Flores, L. and Turkewitz, G. (1996). Asymmetric headturning to speech and nonspeech in human newborns. Developmental Psychobiology 29, 205-217.","Ecklund-Flores & Turkewitz (1996)","yes","CI","infant",5,"unfiltered vs heartspeech","ecklund-flores5","HPP","within_two","behavior","test_only","typical","pc_head_turns",11,1.5,2,3.2,NA,"no","yes","yes","native","heartspeech",0.26,0.24,0.08,0.08,NA,NA,NA,NA,NA,NA,NA,NA,"comparison between low-pass filtered and speech segments at heartbeat rate, left turn","",NA,NA,NA,NA,NA,NA,NA,NA,NA,NA
"18","Ecklund-Flores1996","Ecklundâ€<90>Flores, L. and Turkewitz, G. (1996). Asymmetric headturning to speech and nonspeech in human newborns. Developmental Psychobiology 29, 205-217.","Ecklund-Flores & Turkewitz (1996)","yes","CI","infant",5,"unfiltered vs heartspeech","ecklund-flores5","HPP","within_two","behavior","test_only","typical","pc_head_turns",11,1.5,2,3.2,NA,"no","yes","yes","native","heartspeech",0.55,0.32,0.08,0.08,2.1,NA,NA,NA,NA,NA,NA,NA,"comparison between low-pass filtered and speech segments at heartbeat rate, right turn","",NA,NA,NA,NA,NA,NA,NA,NA,NA,NA
"19","may2011","May L, Byers-Heinlein K, Gervain J and Werker JF (2011) Language and the newborn brain: does prenatal language experience shape the neonate neural response to speech? Front. Psychology 2:222. doi: 10.3389/fpsyg.2011.00222","May et al. (2011)","yes","CI","infant",1,"fwd_vs_backward_native","may2011","PL","within_two","NIRS","test_only","typical","mean_amplitude",20,1.6,3,10,NA,"no","yes","no","native","backward",0.0129,0.0122,0.0534,0.0567,NA,NA,NA,NA,NA,NA,NA,NA,"Left hemisphere","",NA,NA,NA,NA,NA,NA,NA,NA,NA,NA
"20","may2011","May L, Byers-Heinlein K, Gervain J and Werker JF (2011) Language and the newborn brain: does prenatal language experience shape the neonate neural response to speech? Front. Psychology 2:222. doi: 10.3389/fpsyg.2011.00223","May et al. (2011)","yes","CI","infant",1,"fwd_vs_backward_native","may2011","PL","within_two","NIRS","test_only","typical","mean_amplitude",20,1.6,3,10,NA,"no","yes","no","native","backward",0.019,0.0224,0.0567,0.0787,NA,NA,NA,NA,NA,NA,NA,NA,"right hemisphere","",NA,NA,NA,NA,NA,NA,NA,NA,NA,NA
"21","may2011","May L, Byers-Heinlein K, Gervain J and Werker JF (2011) Language and the newborn brain: does prenatal language experience shape the neonate neural response to speech? Front. Psychology 2:222. doi: 10.3389/fpsyg.2011.00224","May et al. (2011)","yes","CI","infant",1,"fwd_vs_backward_foreign","may2011","PL","within_two","NIRS","test_only","typical","mean_amplitude",20,1.6,3,10,NA,"no","yes","no","foreign","backward",0.0233,0.0353,0.0821,0.0662,NA,NA,NA,NA,NA,NA,NA,NA,"Left hemisphere","",NA,NA,NA,NA,NA,NA,NA,NA,NA,NA
"22","may2011","May L, Byers-Heinlein K, Gervain J and Werker JF (2011) Language and the newborn brain: does prenatal language experience shape the neonate neural response to speech? Front. Psychology 2:222. doi: 10.3389/fpsyg.2011.00225","May et al. (2011)","yes","CI","infant",1,"fwd_vs_backward_foreign","may2011","PL","within_two","NIRS","test_only","typical","mean_amplitude",20,1.6,3,10,NA,"no","yes","no","foreign","backward",0.0156,0.0214,0.0661,0.0485,NA,NA,NA,NA,NA,NA,NA,NA,"right hemisphere","",NA,NA,NA,NA,NA,NA,NA,NA,NA,NA
"23","Vouloumanos2007","Vouloumanos, A., & Werker, J. F. (2007). Listening to language at birth: evidence for a bias for speech in neonates. Developmental Science 10(2), 159â€“171. DOI: 10.1111/j.1467-7687.2007.00549.x","Vouloumanos & Werker (2007)","yes","CI","infant",1,"natural vs. SWS","vouloumanos2007","HAS","within_two","behavior","test_only","typical","sucking_time",22,1.879166667,3,24,NA,"no",NA,"no","native","SWS",73,63.45,16.369551,20.21569192,2.84,NA,NA,NA,NA,NA,NA,NA,"2nd block","",NA,NA,NA,NA,NA,NA,NA,NA,NA,NA
"24","Vouloumanos2007","Vouloumanos, A., & Werker, J. F. (2007). Listening to language at birth: evidence for a bias for speech in neonates. Developmental Science 10(2), 159â€“171. DOI: 10.1111/j.1467-7687.2007.00549.x","Vouloumanos & Werker (2007)","yes","CI","infant",1,"natural vs. SWS","vouloumanos2007","HAS","within_two","behavior","test_only","typical","sucking_time",22,1.879166667,3,24,NA,"no",NA,"no","native","SWS",71.91,76.91,16.369551,20.21569192,1.18,NA,NA,NA,NA,NA,NA,NA,"1st block","",NA,NA,NA,NA,NA,NA,NA,NA,NA,NA
"25","Vouloumanos2010","Vouloumanos, A., Hauser, M. D., Werker, J.F., Martin, A. (2010). The tuning of Human Neonates' Preference for Speech. Child Development, 81(2) 517-527.","Vouloumanos et al. (2010)","yes","CI","infant",1,"speech vs. rhesus call","vouloumanos2010_1","HAS","within_two","behavior","test_only","typical","sucking_time",30,1.958333333,4.666666667,44,0.4,"yes","no","yes","native","monkey_calls",33.3,33.8,2.4,2.7,NA,NA,NA,NA,NA,NA,NA,NA,"","",NA,NA,NA,NA,NA,NA,NA,NA,NA,NA
"26","Cristia2014","Cristia A., Minagawa Y., Dupoux E. (2014). Responses to Vocalizations and Auditory Controls in the Human Newborn Brain. PLoS ONE 9(12): e115162. https://doi.org/10.1371/journal.pone.0115162","Cristia et al. (2014)","yes","CI","infant",1,"Foreign_vs_emotional","cristia2014","PL","within_two","NIRS","test_only","typical","mean_amplitude",31,2,6,9,0.475,"yes","yes","yes","foreign","emotions",0.0146,0.0196,0.04649083243,0.05319465011,NA,NA,NA,NA,NA,NA,NA,NA,"channel 8 (significant for all sounds vs. silence comparison)","one-sided t-test: significant activation of the cortical region",NA,NA,NA,NA,NA,NA,NA,NA,NA,NA
"27","Cristia2014","Cristia A., Minagawa Y., Dupoux E. (2014). Responses to Vocalizations and Auditory Controls in the Human Newborn Brain. PLoS ONE 9(12): e115162. https://doi.org/10.1371/journal.pone.0115162","Cristia et al. (2014)","yes","CI","infant",1,"Foreign_vs_emotional","cristia2014","PL","within_one","NIRS","test_only","typical","mean_amplitude",30,2,6,9,0.475,"yes","yes","yes","foreign","emotions",-0.0278,NA,0.08270610618,NA,-1.84,NA,NA,NA,NA,NA,NA,NA,"channel 4 (significant for all sounds vs. silence comparison)","one-sided t-test: significant activation of the cortical region",NA,NA,NA,NA,NA,NA,NA,NA,NA,NA
"28","Cristia2014","Cristia A., Minagawa Y., Dupoux E. (2014). Responses to Vocalizations and Auditory Controls in the Human Newborn Brain. PLoS ONE 9(12): e115162. https://doi.org/10.1371/journal.pone.0115168","Cristia et al. (2014)","yes","CI","infant",1,"main_effect_condition","cristia2014","PL","within_two","NIRS","test_only","typical","mean_amplitude",28,2,6,9,0.475,"","","","","",NA,NA,NA,NA,NA,NA,NA,NA,NA,NA,3.1,"4,27","channel 4 (significant for all sounds vs. silence comparison)","one-sided t-test: significant activation of the cortical region",NA,NA,NA,NA,NA,NA,NA,NA,NA,NA
"29","Cristia2014","Cristia A., Minagawa Y., Dupoux E. (2014). Responses to Vocalizations and Auditory Controls in the Human Newborn Brain. PLoS ONE 9(12): e115162. https://doi.org/10.1371/journal.pone.0115169","Cristia et al. (2014)","yes","CI","infant",1,"main_effect_condition","cristia2014","PL","within_two","NIRS","test_only","typical","mean_amplitude",28,2,6,9,0.475,"","","","","",NA,NA,NA,NA,NA,NA,NA,NA,NA,NA,2,"4,27","channel 8 (significant for all sounds vs. silence comparison)","one-sided t-test: significant activation of the cortical region",NA,NA,NA,NA,NA,NA,NA,NA,NA,NA
"30","Cristia2014","Cristia A., Minagawa Y., Dupoux E. (2014). Responses to Vocalizations and Auditory Controls in the Human Newborn Brain. PLoS ONE 9(12): e115162. https://doi.org/10.1371/journal.pone.0115170","Cristia et al. (2014)","yes","CI","infant",1,"main_effect_condition","cristia2014","PL","within_two","NIRS","test_only","typical","mean_amplitude",30,2,6,9,0.475,"","","","","",NA,NA,NA,NA,NA,NA,NA,NA,NA,NA,1.7,"4,27","channel 4b (significant for all sounds vs. silence comparison)","one-sided t-test: significant activation of the cortical region",NA,NA,NA,NA,NA,NA,NA,NA,NA,NA
"31","spence1987","Spence, M. J., DeCasper, A. J. (1987). Prenatal experience with low-frequency maternal-voice sounds influence neonatal perception of maternal voice samples. Infant behavior and development, 10, 133-142.","Spence & DeCasper (1987)","yes","CI","infant",1,"unfiltered_vs_lowpass_filtered_speech","spence1987","HAS","within_one","behavior","conditioning","typical","sucking_time",8,2,0.9166666667,NA,0.5,"yes","yes","yes","native","LPfiltered",0.54,NA,0.026,NA,NA,NA,NA,NA,NA,NA,NA,NA,"individual data available","preference ratio for unfiltered (1-LP)",NA,NA,NA,NA,NA,NA,NA,NA,NA,NA
"32","pena2003","PeÃ±a, M., Maki, A., KovaÄ<8d>iÄ‡, D., Dehaene-Lambertz, G., Koizumi, H., Bouquet, F., and Mehler, J. (2003). Sounds and silence: An optical topography study of language recognition at birth. PNAS, 100(20), 11702-11705.","Pena et al. (2003)","yes","CI","infant",1,"forward_vs_backwardspeech","pena2003","PL","within_two","NIRS","test_only","typical","mean_amplitude",12,2.7,3,2,NA,"no","yes","no","native","backward",NA,NA,NA,NA,NA,8.73,NA,NA,NA,NA,NA,NA,"left temporal region (including channel 11 reported separately below)","",NA,NA,NA,NA,NA,NA,NA,NA,NA,NA
"33","pena2003","PeÃ±a, M., Maki, A., KovaÄ<8d>iÄ‡, D., Dehaene-Lambertz, G., Koizumi, H., Bouquet, F., and Mehler, J. (2003). Sounds and silence: An optical topography study of language recognition at birth. PNAS, 100(20), 11702-11705.","Pena et al. (2003)","yes","CI","infant",1,"forward_vs_backwardspeech","pena2003","PL","within_two","NIRS","test_only","typical","mean_amplitude",12,2.7,3,2,NA,"no","yes","no","native","backward",NA,NA,NA,NA,NA,12.88,NA,NA,NA,NA,NA,NA,"ch11 LH","",NA,NA,NA,NA,NA,NA,NA,NA,NA,NA
"34","sato2012","Cerebral hemodynamics in newborn infants exposed to speech sounds: A whole-head optical topography study. Human Brain Mapping.","Sato et al. (2012)","yes","CI","infant",1,"fwd_vs_backward","sato2012","PL","within_two","NIRS","test_only","typical","mean_amplitude",17,4.4,6,NA,0.3529411765,"no","yes","no","","backward",NA,NA,NA,NA,NA,NA,NA,NA,NA,NA,2.75,"4,14","ch 46","main effect of sound condition, F(4,14)",NA,NA,NA,NA,NA,NA,NA,NA,NA,NA
"35","sato2012","Cerebral hemodynamics in newborn infants exposed to speech sounds: A whole-head optical topography study. Human Brain Mapping.","Sato et al. (2012)","yes","CI","infant",1,"fwd_vs_backward","sato2012","PL","within_two","NIRS","test_only","typical","mean_amplitude",17,4.4,6,NA,0.3529411765,"no","yes","no","","backward",NA,NA,NA,NA,NA,NA,NA,NA,NA,NA,4.03,"4,14","ch 48","main effect of sound condition, F(4,14)",NA,NA,NA,NA,NA,NA,NA,NA,NA,NA
"36","sato2012","Cerebral hemodynamics in newborn infants exposed to speech sounds: A whole-head optical topography study. Human Brain Mapping.","Sato et al. (2012)","yes","CI","infant",1,"fwd_vs_backward","sato2012","PL","within_two","NIRS","test_only","typical","mean_amplitude",17,4.4,6,NA,0.3529411765,"no","yes","no","","backward",NA,NA,NA,NA,NA,NA,NA,NA,NA,NA,3.35,"4,9","ch 45","main effect of sound condition, F(4,9)",NA,NA,NA,NA,NA,NA,NA,NA,NA,NA
"37","sato2012","Cerebral hemodynamics in newborn infants exposed to speech sounds: A whole-head optical topography study. Human Brain Mapping.","Sato et al. (2012)","yes","CI","infant",1,"fwd_vs_backward","sato2012","PL","within_two","NIRS","test_only","typical","mean_amplitude",17,4.4,6,NA,0.3529411765,"no","yes","no","","backward",NA,NA,NA,NA,NA,NA,NA,NA,NA,NA,3.14,"4,14","ch 44","main effect of sound condition, F(4,14)",NA,NA,NA,NA,NA,NA,NA,NA,NA,NA
"38","segal2011","Segal, O. & Kishon-Rabin, L. (2011). Listening Preference for Child-Directed Speech Versus Nonspeech Stimuli in Normal-Hearing and Hearing-Impaired Infants After Cochlear Implantation. Ear and Hearing, 32(3), 358-372. doi: 10.1097/AUD.0b013e3182008afc.","Segal & Kishon-Rabin (2011)","yes","CI","infant",1,"CDS_vs_white_noise","segal2011","CF","within_two","eye-tracking","test_only","typical","looking_time",22,308.0528,313.84,0,0.5454545455,"no",NA,"no","native","white_noise",8.46,3.2,3.78,1.81,NA,NA,NA,NA,NA,NA,NA,NA,"huge age range but scatter plots LookingTime=f(age) are shown","",NA,NA,NA,NA,NA,NA,NA,NA,NA,NA
"39","segal2011","Segal, O. & Kishon-Rabin, L. (2011). Listening Preference for Child-Directed Speech Versus Nonspeech Stimuli in Normal-Hearing and Hearing-Impaired Infants After Cochlear Implantation. Ear and Hearing, 32(3), 358-372. doi: 10.1097/AUD.0b013e3182008afc.","Segal & Kishon-Rabin (2011)","yes","CI","infant",2,"fwd_vs_backward_CDS","segal2011","CF","within_two","eye-tracking","test_only","typical","looking_time",21,308.0528,409.72,3,0.4545454545,"no","yes","no","native","backward",7.49,4.97,2.94,1.91,NA,NA,NA,NA,NA,NA,NA,NA,"huge age range but scatter plots LookingTime=f(age) are shown","",NA,NA,NA,NA,NA,NA,NA,NA,NA,NA
"40","Vouloumanos2004","Vouloumanos, A., & Werker, J. F. (2004). Tuned to the signal: the priviledged status of speech for young infants. Developmental Science 7(3), 270â€“276. DOI: 10.1111/j.1467-7687.2004.00345.x","Vouloumanos & Werker (2004)","yes","CI","infant",1,"speech vs. SWS","vouloumanos2004_2.5mo","CF","within_two","eye-tracking","test_only","typical","looking_time",16,76.88,NA,13,NA,"no",NA,"no","native","SWS",NA,NA,NA,NA,2.143,NA,NA,NA,NA,NA,NA,NA,"","mean and SD for each age group and sound type are available on fig. 2 (bar plot)",NA,NA,NA,NA,NA,NA,NA,NA,NA,NA
"41","shultz2014","Shultz, S., Vouloumanos, A., Bennett, R. H., Pelphrey, K. (2014). Neural specialization for speech in the first months of life. Developmental Science, 17(5), 766-744.","Shultz et al. (2014)","yes","CI","infant",1,"main_effect_condition","shultz2014","PL","within_two","NIRS","test_only","typical","mean_amplitude",24,78,113,14,0.2916666667,"","","","foreign","",NA,NA,NA,NA,NA,NA,NA,NA,NA,NA,3.03,"4,92","coded as nirs but this is an fMRI experiment","Mean and SD are plotted on figure 3.",NA,NA,NA,NA,NA,NA,NA,NA,NA,NA
"42","shultz2014","Shultz, S., Vouloumanos, A., Bennett, R. H., Pelphrey, K. (2014). Neural specialization for speech in the first months of life. Developmental Science, 17(5), 766-744.","Shultz et al. (2014)","yes","CI","infant",1,"speech vs. human communicative non-speech","shultz2014","PL","within_two","NIRS","test_only","typical","mean_amplitude",24,78,113,14,0.2916666667,"yes","yes","yes","foreign","com_voc",NA,NA,NA,NA,3.23,NA,NA,NA,NA,NA,NA,NA,"coded as nirs but this is an fMRI experiment","Mean and SD are plotted on figure 3.",NA,NA,NA,NA,NA,NA,NA,NA,NA,NA
"43","shultz2014","Shultz, S., Vouloumanos, A., Bennett, R. H., Pelphrey, K. (2014). Neural specialization for speech in the first months of life. Developmental Science, 17(5), 766-744.","Shultz et al. (2014)","yes","CI","infant",1,"speech vs. human walking","shultz2014","PL","within_two","NIRS","test_only","typical","mean_amplitude",24,78,113,14,0.2916666667,"yes","yes","no","foreign","human_walking",NA,NA,NA,NA,2.08,NA,NA,NA,NA,NA,NA,NA,"coded as nirs but this is an fMRI experiment","Mean and SD are plotted on figure 3.",NA,NA,NA,NA,NA,NA,NA,NA,NA,NA
"44","shultz2014","Shultz, S., Vouloumanos, A., Bennett, R. H., Pelphrey, K. (2014). Neural specialization for speech in the first months of life. Developmental Science, 17(5), 766-744.","Shultz et al. (2014)","yes","CI","infant",1,"speech vs. rhesus vocalizations","shultz2014","PL","within_two","NIRS","test_only","typical","mean_amplitude",24,78,113,14,0.2916666667,"yes","no","yes","foreign","monkey_calls",NA,NA,NA,NA,1.96,NA,NA,NA,NA,NA,NA,NA,"coded as nirs but this is an fMRI experiment","Mean and SD are plotted on figure 3.",NA,NA,NA,NA,NA,NA,NA,NA,NA,NA
"45","shultz2014","Shultz, S., Vouloumanos, A., Bennett, R. H., Pelphrey, K. (2014). Neural specialization for speech in the first months of life. Developmental Science, 17(5), 766-744.","Shultz et al. (2014)","yes","CI","infant",1,"speech vs. human non-communicative non-speech vocalizations","shultz2014","PL","within_two","NIRS","test_only","typical","mean_amplitude",24,78,113,14,0.2916666667,"yes","yes","yes","foreign","non-com_voc",NA,NA,NA,NA,1.82,NA,NA,NA,NA,NA,NA,NA,"coded as nirs but this is an fMRI experiment","Mean and SD are plotted on figure 3.",NA,NA,NA,NA,NA,NA,NA,NA,NA,NA
"46","dehaene-lambertz2002","Dehaene-Lambertz, G., Dehaene, S., and Hertz-Pannier, L. (2002). Functional Neuroimaging of Speech Perception in Infants.Science, 298(5600), 2013-2015. DOI: 10.1126/science.1077066","Dehaene-Lambertz et al. (2002)","yes","CI","infant",1,"forward_vs_backward_speech","dehaene-lambertz2002","PL","within_two","NIRS","test_only","typical","peak_amplitude",20,79,6,10,0.7,"no","yes","no","native","backward",3.18,3.14,NA,NA,NA,NA,NA,NA,NA,NA,NA,NA,"coded as nirs but this is an fMRI experiment","x1 and x2 are max z values of the activated cluster in each condition",NA,NA,NA,NA,NA,NA,NA,NA,NA,NA
"47","mcdonald2019","Mc Donald, N. M., Perdue, K. L., Eilbott, J., Loyal, J., Shic, F., Pelphrey, K. A. (2019). Infant brain responses to social sounds: A longitudinal functional near-infrared spectroscopy study. Developmental Cognitive Neuroscience, 36, 100638.","Mc Donald et al. (2019)","yes","CI","infant",1,"IDS_vs_H-NonCommunicative","mcdonald2019","PL","within_two","NIRS","test_only","typical","mean_amplitude",35,94.53,18.94,2,0.381,"yes","yes","yes","foreign","non-com_voc",0.006,0.009,0.005,0.004,NA,NA,NA,NA,NA,NA,NA,NA,"Left hemisphere","",NA,NA,NA,NA,NA,NA,NA,NA,NA,NA
"48","mcdonald2019","Mc Donald, N. M., Perdue, K. L., Eilbott, J., Loyal, J., Shic, F., Pelphrey, K. A. (2019). Infant brain responses to social sounds: A longitudinal functional near-infrared spectroscopy study. Developmental Cognitive Neuroscience, 36, 100638.","Mc Donald et al. (2019)","yes","CI","infant",1,"IDS_vs_H-NonCommunicative","mcdonald2019","PL","within_two","NIRS","test_only","typical","mean_amplitude",35,94.53,18.94,2,0.381,"yes","yes","yes","foreign","non-com_voc",0.015,0.008,0.004,0.004,NA,NA,NA,NA,NA,NA,NA,NA,"right hemisphere","",NA,NA,NA,NA,NA,NA,NA,NA,NA,NA
"49","mcdonald2019","Mc Donald, N. M., Perdue, K. L., Eilbott, J., Loyal, J., Shic, F., Pelphrey, K. A. (2019). Infant brain responses to social sounds: A longitudinal functional near-infrared spectroscopy study. Developmental Cognitive Neuroscience, 36, 100638.","Mc Donald et al. (2019)","yes","CI","infant",1,"IDS_vs_H-Communicative","mcdonald2019","PL","within_two","NIRS","test_only","typical","mean_amplitude",35,94.53,18.94,2,0.381,"yes","yes","yes","foreign","com_voc",0.006,0.01,0.005,0.004,NA,NA,NA,NA,NA,NA,NA,NA,"Left hemisphere","",NA,NA,NA,NA,NA,NA,NA,NA,NA,NA
"50","mcdonald2019","Mc Donald, N. M., Perdue, K. L., Eilbott, J., Loyal, J., Shic, F., Pelphrey, K. A. (2019). Infant brain responses to social sounds: A longitudinal functional near-infrared spectroscopy study. Developmental Cognitive Neuroscience, 36, 100638.","Mc Donald et al. (2019)","yes","CI","infant",1,"IDS_vs_H-Communicative","mcdonald2019","PL","within_two","NIRS","test_only","typical","mean_amplitude",35,94.53,18.94,2,0.381,"yes","yes","yes","foreign","com_voc",0.015,0.009,0.004,0.005,NA,NA,NA,NA,NA,NA,NA,NA,"right hemisphere","",NA,NA,NA,NA,NA,NA,NA,NA,NA,NA
"51","mcdonald2019","Mc Donald, N. M., Perdue, K. L., Eilbott, J., Loyal, J., Shic, F., Pelphrey, K. A. (2019). Infant brain responses to social sounds: A longitudinal functional near-infrared spectroscopy study. Developmental Cognitive Neuroscience, 36, 100638.","Mc Donald et al. (2019)","yes","CI","infant",1,"IDS_vs_H-NonCommunicative","mcdonald2019","PL","within_two","NIRS","test_only","typical","mean_amplitude",35,187.05,24.7,2,0.381,"yes","yes","yes","foreign","non-com_voc",0.003,0.001,0.005,0.004,NA,NA,NA,NA,NA,NA,NA,NA,"Left hemisphere","",NA,NA,NA,NA,NA,NA,NA,NA,NA,NA
"52","mcdonald2019","Mc Donald, N. M., Perdue, K. L., Eilbott, J., Loyal, J., Shic, F., Pelphrey, K. A. (2019). Infant brain responses to social sounds: A longitudinal functional near-infrared spectroscopy study. Developmental Cognitive Neuroscience, 36, 100638.","Mc Donald et al. (2019)","yes","CI","infant",1,"IDS_vs_H-NonCommunicative","mcdonald2019","PL","within_two","NIRS","test_only","typical","mean_amplitude",35,187.05,24.7,2,0.381,"yes","yes","yes","foreign","non-com_voc",0.003,0.004,0.004,0.004,NA,NA,NA,NA,NA,NA,NA,NA,"right hemisphere","",NA,NA,NA,NA,NA,NA,NA,NA,NA,NA
"53","mcdonald2019","Mc Donald, N. M., Perdue, K. L., Eilbott, J., Loyal, J., Shic, F., Pelphrey, K. A. (2019). Infant brain responses to social sounds: A longitudinal functional near-infrared spectroscopy study. Developmental Cognitive Neuroscience, 36, 100638.","Mc Donald et al. (2019)","yes","CI","infant",1,"IDS_vs_H-Communicative","mcdonald2019","PL","within_two","NIRS","test_only","typical","mean_amplitude",35,187.05,24.7,2,0.381,"yes","yes","yes","foreign","com_voc",0.003,0.004,0.005,0.004,NA,NA,NA,NA,NA,NA,NA,NA,"Left hemisphere","",NA,NA,NA,NA,NA,NA,NA,NA,NA,NA
"54","mcdonald2019","Mc Donald, N. M., Perdue, K. L., Eilbott, J., Loyal, J., Shic, F., Pelphrey, K. A. (2019). Infant brain responses to social sounds: A longitudinal functional near-infrared spectroscopy study. Developmental Cognitive Neuroscience, 36, 100638.","Mc Donald et al. (2019)","yes","CI","infant",1,"IDS_vs_H-Communicative","mcdonald2019","PL","within_two","NIRS","test_only","typical","mean_amplitude",35,187.05,24.7,2,0.381,"yes","yes","yes","foreign","com_voc",0.003,0.007,0.004,0.004,NA,NA,NA,NA,NA,NA,NA,NA,"right hemisphere","",NA,NA,NA,NA,NA,NA,NA,NA,NA,NA
"55","Vouloumanos2010","Vouloumanos, A., Hauser, M. D., Werker, J.F., Martin, A. (2010). The tuning of Human Neonates' Preference for Speech. Child Development, 81(2) 517-527.","Vouloumanos et al. (2010)","yes","CI","infant",3,"speech vs. rhesus call","vouloumanos2010_3","CF","within_two","eye-tracking","test_only","typical","looking_time",16,100,24,20,NA,"yes","no","yes","native","monkey_calls",14.6,11.5,2.01,1.67,NA,8.49,NA,NA,NA,NA,NA,NA,"","",NA,NA,NA,NA,NA,NA,NA,NA,NA,NA
"56","shultz2010","Shultz, A., & Vouloumanos, A. (2010). Three-Month-Olds Prefer Speech to Other Naturally Occurring Signals. Language Learning and Development, 6(4), 241-257.","Shultz & Vouloumanos (2010)","yes","CI","infant",1,"main_effect_soundtype","shultz2010_1","CF","within_two","eye-tracking","conditioning","typical","looking_time",23,102,43,15,NA,"","","","foreign","",NA,NA,NA,NA,NA,NA,NA,NA,NA,NA,3.22,"3,66","","",NA,NA,NA,NA,NA,NA,NA,NA,NA,NA
"57","shultz2010","Shultz, A., & Vouloumanos, A. (2010). Three-Month-Olds Prefer Speech to Other Naturally Occurring Signals. Language Learning and Development, 6(4), 241-257.","Shultz & Vouloumanos (2010)","yes","CI","infant",1,"speech_vs_humanNonCommunicative","shultz2010_1","CF","within_two","eye-tracking","conditioning","typical","looking_time",23,102,43,15,NA,"yes","yes","yes","foreign","non-com_voc",14.7,11.1,6.714164133,6.714164133,2.8,NA,NA,NA,NA,NA,NA,NA,"","",NA,NA,NA,NA,NA,NA,NA,NA,NA,NA
"58","shultz2010","Shultz, A., & Vouloumanos, A. (2010). Three-Month-Olds Prefer Speech to Other Naturally Occurring Signals. Language Learning and Development, 6(4), 241-257.","Shultz & Vouloumanos (2010)","yes","CI","infant",1,"speech_vs_rhesus","shultz2010_1","CF","within_two","eye-tracking","conditioning","typical","looking_time",23,102,43,15,NA,"yes","no","yes","foreign","monkey_calls",14.7,11.6,6.714164133,6.714164133,2.4,NA,NA,NA,NA,NA,NA,NA,"","",NA,NA,NA,NA,NA,NA,NA,NA,NA,NA
"59","shultz2010","Shultz, A., & Vouloumanos, A. (2010). Three-Month-Olds Prefer Speech to Other Naturally Occurring Signals. Language Learning and Development, 6(4), 241-257.","Shultz & Vouloumanos (2010)","yes","CI","infant",1,"speech_vs_environmental","shultz2010_1","CF","within_two","eye-tracking","conditioning","typical","looking_time",23,102,43,15,NA,"yes",NA,"no","foreign","environmental",14.7,12.9,6.714164133,6.23458098,1.26,NA,NA,NA,NA,NA,NA,NA,"","",NA,NA,NA,NA,NA,NA,NA,NA,NA,NA
"60","shultz2010","Shultz, A., & Vouloumanos, A. (2010). Three-Month-Olds Prefer Speech to Other Naturally Occurring Signals. Language Learning and Development, 6(4), 241-257.","Shultz & Vouloumanos (2010)","yes","CI","infant",2,"main_effect_soundtype","shultz2010_2","CF","within_two","eye-tracking","conditioning","typical","looking_time",23,102,43,15,NA,"","","","foreign","",NA,NA,NA,NA,NA,NA,NA,NA,NA,NA,2.78,"3,72","","",NA,NA,NA,NA,NA,NA,NA,NA,NA,NA
"61","shultz2010","Shultz, A., & Vouloumanos, A. (2010). Three-Month-Olds Prefer Speech to Other Naturally Occurring Signals. Language Learning and Development, 6(4), 241-257.","Shultz & Vouloumanos (2010)","yes","CI","infant",3,"main_effect_soundtype","shultz2010_3","CF","within_two","eye-tracking","conditioning","typical","looking_time",14,111,14,7,NA,"","","","foreign","",NA,NA,NA,NA,NA,NA,NA,NA,NA,NA,4.87,"2,26","","",NA,NA,NA,NA,NA,NA,NA,NA,NA,NA
"62","shultz2010","Shultz, A., & Vouloumanos, A. (2010). Three-Month-Olds Prefer Speech to Other Naturally Occurring Signals. Language Learning and Development, 6(4), 241-257.","Shultz & Vouloumanos (2010)","yes","CI","infant",3,"speech_human_noncommunicative_voc","shultz2010_3","CF","within_two","eye-tracking","conditioning","typical","looking_time",14,111,14,7,NA,"yes","yes","yes","foreign","non-com_voc",16.7,12.4,5.61248608,7.109149035,2.66,NA,NA,NA,NA,NA,NA,NA,"","",NA,NA,NA,NA,NA,NA,NA,NA,NA,NA
"63","shultz2010","Shultz, A., & Vouloumanos, A. (2010). Three-Month-Olds Prefer Speech to Other Naturally Occurring Signals. Language Learning and Development, 6(4), 241-257.","Shultz & Vouloumanos (2010)","yes","CI","infant",3,"speech_human_communicative_voc","shultz2010_3","CF","within_two","eye-tracking","conditioning","typical","looking_time",14,111,14,7,NA,"yes","yes","yes","foreign","com_voc",16.7,13,5.61248608,5.61248608,2.88,NA,NA,NA,NA,NA,NA,NA,"","",NA,NA,NA,NA,NA,NA,NA,NA,NA,NA
"64","shultz2010","Shultz, A., & Vouloumanos, A. (2010). Three-Month-Olds Prefer Speech to Other Naturally Occurring Signals. Language Learning and Development, 6(4), 241-257.","Shultz & Vouloumanos (2010)","yes","CI","infant",2,"speech_vs_water","shultz2010_2","CF","within_two","eye-tracking","conditioning","typical","looking_time",25,116,38,19,NA,"yes",NA,"no","foreign","water",14.8,11.3,6.5,5.5,2.08,NA,NA,NA,NA,NA,NA,NA,"","",NA,NA,NA,NA,NA,NA,NA,NA,NA,NA
"65","shultz2010","Shultz, A., & Vouloumanos, A. (2010). Three-Month-Olds Prefer Speech to Other Naturally Occurring Signals. Language Learning and Development, 6(4), 241-257.","Shultz & Vouloumanos (2010)","yes","CI","infant",2,"speech_vs_water","shultz2010_2","CF","within_two","eye-tracking","conditioning","typical","looking_time",25,116,38,19,NA,"yes",NA,"no","foreign","water",14,11.3,6.5,5.5,3.1,NA,NA,NA,NA,NA,NA,NA,"","",NA,NA,NA,NA,NA,NA,NA,NA,NA,NA
"66","shultz2010","Shultz, A., & Vouloumanos, A. (2010). Three-Month-Olds Prefer Speech to Other Naturally Occurring Signals. Language Learning and Development, 6(4), 241-257.","Shultz & Vouloumanos (2010)","yes","CI","infant",2,"speech_vs_environmental","shultz2010_2","CF","within_two","eye-tracking","conditioning","typical","looking_time",25,116,38,19,NA,"yes",NA,"no","foreign","environmental",NA,NA,NA,NA,2.57,NA,NA,NA,NA,NA,NA,NA,"","",NA,NA,NA,NA,NA,NA,NA,NA,NA,NA
"67","shultz2010","Shultz, A., & Vouloumanos, A. (2010). Three-Month-Olds Prefer Speech to Other Naturally Occurring Signals. Language Learning and Development, 6(4), 241-257.","Shultz & Vouloumanos (2010)","yes","CI","infant",2,"speech_vs_environmental","shultz2010_1+2","CF","within_two","eye-tracking","conditioning","typical","looking_time",48,116,38,19,NA,"yes",NA,"no","foreign","environmental",NA,NA,NA,NA,NA,4.24,NA,NA,NA,NA,NA,NA,"","",NA,NA,NA,NA,NA,NA,NA,NA,NA,NA
"68","MinagawaKawai2011","Minagawa-Kawai, Y., van der Lely, H., Ramus, F., Sato, Y., Mazuka, R., Dupoux, E. (2011). Optical Brain Imaging Reveals General Auditory and Language-Specific Processing in Early Infant Development. Cerebral Cortex, Volume 21(2), 254â€“261. https://doi.org/10.1093/cercor/bhq082","Minagawa-Kawai et al. (2011)","yes","CI","infant",1,"native_vs_monkey","minagawa-kawai2011","PL","within_two","NIRS","test_only","typical","mean_amplitude",12,128,26.6,18,0.3333333333,"yes","no","yes","native","monkey_calls",0.15,0.11,0.5542562584,0.4849742261,NA,NA,NA,NA,NA,NA,NA,NA,"channel 21 (significant for all sounds vs. silence comparison)","mean is beta",NA,NA,NA,NA,NA,NA,NA,NA,NA,NA
"69","MinagawaKawai2011","Minagawa-Kawai, Y., van der Lely, H., Ramus, F., Sato, Y., Mazuka, R., Dupoux, E. (2011). Optical Brain Imaging Reveals General Auditory and Language-Specific Processing in Early Infant Development. Cerebral Cortex, Volume 21(2), 254â€“261. https://doi.org/10.1093/cercor/bhq082","Minagawa-Kawai et al. (2011)","yes","CI","infant",1,"foreign_vs_monkey","minagawa-kawai2011","PL","within_two","NIRS","test_only","typical","mean_amplitude",12,128,26.6,18,0.3333333333,"yes","no","yes","foreign","monkey_calls",0.08,0.11,0.3810511777,0.4849742261,NA,NA,NA,NA,NA,NA,NA,NA,"channel 21 (significant for all sounds vs. silence comparison)","mean is beta",NA,NA,NA,NA,NA,NA,NA,NA,NA,NA
"70","MinagawaKawai2011","Minagawa-Kawai, Y., van der Lely, H., Ramus, F., Sato, Y., Mazuka, R., Dupoux, E. (2011). Optical Brain Imaging Reveals General Auditory and Language-Specific Processing in Early Infant Development. Cerebral Cortex, Volume 21(2), 254â€“261. https://doi.org/10.1093/cercor/bhq082","Minagawa-Kawai et al. (2011)","yes","CI","infant",1,"native_vs_scrambled","minagawa-kawai2011","PL","within_two","NIRS","test_only","typical","mean_amplitude",12,128,26.6,18,0.3333333333,"no","yes","no","native","scrambled",0.15,0.1,0.5542562584,0.4849742261,NA,NA,NA,NA,NA,NA,NA,NA,"channel 21 (significant for all sounds vs. silence comparison)","mean is beta",NA,NA,NA,NA,NA,NA,NA,NA,NA,NA
"71","MinagawaKawai2011","Minagawa-Kawai, Y., van der Lely, H., Ramus, F., Sato, Y., Mazuka, R., Dupoux, E. (2011). Optical Brain Imaging Reveals General Auditory and Language-Specific Processing in Early Infant Development. Cerebral Cortex, Volume 21(2), 254â€“261. https://doi.org/10.1093/cercor/bhq082","Minagawa-Kawai et al. (2011)","yes","CI","infant",1,"foreign_vs_scrambled","minagawa-kawai2011","PL","within_two","NIRS","test_only","typical","mean_amplitude",12,128,26.6,18,0.3333333333,"no","yes","no","foreign","scrambled",0.08,0.1,0.3810511777,0.4849742261,NA,NA,NA,NA,NA,NA,NA,NA,"channel 21 (significant for all sounds vs. silence comparison)","mean is beta",NA,NA,NA,NA,NA,NA,NA,NA,NA,NA
"72","colombo1981","Colombo, J., Bundy, R. S. (1981). A method for the measurement of infant auditory selectivity. Infant Behavior and Development, 4, 219-223. ","Colombo & Bundy (1981)","yes","CI","infant",2,"speech_vs_whitenoise","colombo1981","CF","within_two","eye-tracking","test_only","typical","looking_time",14,131,38,NA,0.2857142857,"no",NA,"no","native","whitenoise",NA,NA,NA,NA,NA,6.93,NA,NA,NA,NA,NA,NA,"","",NA,NA,NA,NA,NA,NA,NA,NA,NA,NA
"73","Vouloumanos2004","Vouloumanos, A., & Werker, J. F. (2004). Tuned to the signal: the priviledged status of speech for young infants. Developmental Science 7(3), 270â€“276. DOI: 10.1111/j.1467-7687.2004.00345.x","Vouloumanos & Werker (2004)","yes","CI","infant",1,"speech_vs_SWS","vouloumanos2004_4.5mo","CF","within_two","eye-tracking","test_only","typical","looking_time",16,140.76,NA,13,NA,"no",NA,"no","native","SWS",NA,NA,NA,NA,2.174,NA,NA,NA,NA,NA,NA,NA,"","",NA,NA,NA,NA,NA,NA,NA,NA,NA,NA
"74","vouloumanos2009","Vouloumanos, A., Druhen, M. J., Hauser, M. D., & Huizink, A. T. (2009). Five-month-old infants' identification of the sources of vocalizations. PNAS 106(44), 18867â€“18872. ","Vouloumanos et al. (2009)","yes","CI","infant",1,"speech_vs_monkey","vouloumanos2009_1","CF","within_two","eye-tracking","test_only","typical","looking_time",12,152.2,23.44,6,0.5,"yes","no","yes","foreign","monkey_calls",NA,NA,NA,NA,NA,NA,NA,NA,NA,NA,NA,NA,"proportion of looking time to the face that matches the voc not coded bc they would come from diff cond","",NA,NA,NA,NA,NA,NA,NA,NA,NA,NA
"75","vouloumanos2009","Vouloumanos, A., Druhen, M. J., Hauser, M. D., & Huizink, A. T. (2009). Five-month-old infants' identification of the sources of vocalizations. PNAS 106(44), 18867â€“18872. ","Vouloumanos et al. (2009)","yes","CI","infant",1,"speech_vs_Hcomm","vouloumanos2009_1","CF","within_two","eye-tracking","test_only","typical","looking_time",12,152.2,23.44,6,0.5,"yes","yes","yes","foreign","com_voc",NA,NA,NA,NA,NA,5.13,NA,NA,NA,NA,NA,NA,"Interaction between species congruency and condition: infants match speech more than non-speech to H faces","",NA,NA,NA,NA,NA,NA,NA,NA,NA,NA
"76","vouloumanos2009","Vouloumanos, A., Druhen, M. J., Hauser, M. D., & Huizink, A. T. (2009). Five-month-old infants' identification of the sources of vocalizations. PNAS 106(44), 18867â€“18872. ","Vouloumanos et al. (2009)","yes","CI","infant",2,"speech_vs_monkey","vouloumanos2009_2","CF","within_two","eye-tracking","test_only","typical","looking_time",15,151.76,27.44,7,0.5333333333,"yes","no","yes","foreign","monkey_calls",NA,NA,NA,NA,NA,NA,NA,NA,NA,NA,NA,NA,"proportion of looking time to the face that matches the voc not coded bc they would come from diff cond","",NA,NA,NA,NA,NA,NA,NA,NA,NA,NA
"77","vouloumanos2009","Vouloumanos, A., Druhen, M. J., Hauser, M. D., & Huizink, A. T. (2009). Five-month-old infants' identification of the sources of vocalizations. PNAS 106(44), 18867â€“18872. ","Vouloumanos et al. (2009)","yes","CI","infant",3,"speech_vs_duck","vouloumanos2009_3","CF","within_two","eye-tracking","test_only","typical","looking_time",15,157.2,25.44,6,0.4666666667,"yes","no","yes","foreign","duck_calls",0.393,0.287,0.07745966692,0.08520563362,2.69,NA,NA,NA,NA,NA,NA,NA,"proportion of looking time to the face that matches the voc","",NA,NA,NA,NA,NA,NA,NA,NA,NA,NA
"78","vouloumanos2009","Vouloumanos, A., Druhen, M. J., Hauser, M. D., & Huizink, A. T. (2009). Five-month-old infants' identification of the sources of vocalizations. PNAS 106(44), 18867â€“18872. ","Vouloumanos et al. (2009)","yes","CI","infant",3,"speech_vs_monkey","vouloumanos2009_3","CF","within_two","eye-tracking","test_only","typical","looking_time",15,157.2,25.44,6,0.4666666667,"yes","no","yes","foreign","monkey_calls",0.393,0.32,0.07745966692,0.07745966692,2.054,NA,NA,NA,NA,NA,NA,NA,"proportion of looking time to the face that matches the voc","",NA,NA,NA,NA,NA,NA,NA,NA,NA,NA
"79","vouloumanos2009","Vouloumanos, A., Druhen, M. J., Hauser, M. D., & Huizink, A. T. (2009). Five-month-old infants' identification of the sources of vocalizations. PNAS 106(44), 18867â€“18872. ","Vouloumanos et al. (2009)","yes","CI","infant",4,"speech_vs_monkey","vouloumanos2009_4","CF","within_two","eye-tracking","test_only","typical","looking_time",12,156.2,22.44,4,0.5,"yes","no","yes","foreign","monkey_calls",0.393,0.314,0.08313843876,0.05196152423,2.17,NA,NA,NA,NA,NA,NA,NA,"proportion of looking time to checkerboard","",NA,NA,NA,NA,NA,NA,NA,NA,NA,NA
"80","vouloumanos2009","Vouloumanos, A., Druhen, M. J., Hauser, M. D., & Huizink, A. T. (2009). Five-month-old infants' identification of the sources of vocalizations. PNAS 106(44), 18867â€“18872. ","Vouloumanos et al. (2009)","yes","CI","infant",4,"speech_vs_duck","vouloumanos2009_4","CF","within_two","eye-tracking","test_only","typical","looking_time",12,156.2,22.44,4,0.5,"yes","no","yes","foreign","duck_calls",0.393,0.293,0.08313843876,0.05542562584,2.67,NA,NA,NA,NA,NA,NA,NA,"proportion of looking time to checkerboard","",NA,NA,NA,NA,NA,NA,NA,NA,NA,NA
"81","anonymous2019","paper under review","anonymous (2019)","yes","CI","infant",1,"speech_vs_music","anonymous1","CF","within_two","eye-tracking","test_only","typical","looking_time",30,159.2,46.88,13,0.4333333333,"no",NA,"no","native","music",15.96,19.33,5.27,7.37,NA,NA,NA,NA,NA,NA,NA,NA,"","",NA,NA,NA,NA,NA,NA,NA,NA,NA,NA
"82","anonymous2019","paper under review","anonymous (2019)","yes","CI","infant",1,"speech_vs_water","anonymous1","CF","within_two","eye-tracking","test_only","typical","looking_time",30,159.2,46.88,13,0.4333333333,"yes",NA,"no","native","water",15.96,14.52,5.27,5.79,NA,NA,NA,NA,NA,NA,NA,NA,"","",NA,NA,NA,NA,NA,NA,NA,NA,NA,NA
"83","anonymous2019","paper under review","anonymous (2019)","yes","CI","infant",2,"speech_vs_water","anonymous2","CF","within_two","eye-tracking","test_only","typical","looking_time",19,164.2,46.88,3,0.3157894737,"yes",NA,"no","foreign","water",20.36,18.91,5.535801658,8.281907993,NA,NA,NA,NA,NA,NA,NA,NA,"","",NA,NA,NA,NA,NA,NA,NA,NA,NA,NA
"84","anonymous2019","paper under review","anonymous (2019)","yes","CI","infant",2,"speech_vs_animal","anonymous2","CF","within_two","eye-tracking","test_only","typical","looking_time",19,164.2,45.88,3,0.3157894737,"yes","no","yes","foreign","animal",20.36,13.91,5.535801658,5.928102563,NA,NA,NA,NA,NA,NA,NA,NA,"","",NA,NA,NA,NA,NA,NA,NA,NA,NA,NA
"85","Vouloumanos2004","Vouloumanos, A., & Werker, J. F. (2004). Tuned to the signal: the priviledged status of speech for young infants. Developmental Science 7(3), 270â€“276. DOI: 10.1111/j.1467-7687.2004.00345.x","Vouloumanos & Werker (2004)","yes","CI","infant",1,"speech vs. SWS","vouloumanos2004_6.5mo","CF","within_two","eye-tracking","test_only","typical","looking_time",16,196.64,NA,12,NA,"no",NA,"no","foreign","SWS",NA,NA,NA,NA,2.556,NA,NA,NA,NA,NA,NA,NA,"","mean and SD for each age group and sound type are available on fig. 2 (bar plot)",NA,NA,NA,NA,NA,NA,NA,NA,NA,NA
"86","sorcinelli2019","Sorcinelli, A., Ference, J., CUrtin, S., & Vouloumanos, A. (2019). Journal of Experimental Child Psychology 178 (2019) 295â€“316","Sorcinelli et al. (2019)","yes","CI","infant",1,"speech_vs_SWS","sorcinelli_TD1","CF","within_two","eye-tracking","test_only","typical","looking_time",60,277.004,54.792,24,0.4666666667,"no",NA,"no","foreign","SWS",10.7,9.3,5.5,5.4,2.12,NA,NA,NA,NA,NA,NA,NA,"individual data available","",NA,NA,NA,NA,NA,NA,NA,NA,NA,NA
"87","yamashiro2019","Yamashiro, A., Curtin, S., & Vouloumanos, A. (2019). Does an Early Speech Preference Predict Linguistic and Social-Pragmatic Attention in Infants Displaying and Not Displaying Later ASD Symptoms? Journal of autism and developmental disorders.","Yamashiro et al. (2019)","yes","CI","infant",1,"speech_vs_SWS","yamashiro2019","CF","within_two","behavior","test_only","typical","looking_time",34,277.004,93.4508,34,0.4074074074,"no",NA,"no","foreign","SWS",13.3,10.6,6.1,5.6,2.7,NA,NA,NA,NA,NA,NA,NA,"","",NA,NA,NA,NA,NA,NA,NA,NA,NA,NA
"88","sorcinelli2019","Sorcinelli, A., Ference, J., CUrtin, S., & Vouloumanos, A. (2019). Journal of Experimental Child Psychology 178 (2019) 295â€“316","Sorcinelli et al. (2019)","yes","CI","infant",2,"speech_vs_monkey","sorcinelli_TD2","CF","within_two","eye-tracking","test_only","typical","looking_time",54,280.048,30.44,30,0.5,"yes","no","yes","foreign","monkey_calls",16.6,18.7,9.5,8.7,2.26,NA,NA,NA,NA,NA,NA,NA,"individual data available","",NA,NA,NA,NA,NA,NA,NA,NA,NA,NA
"89","curtin2013","Curtin, S. & Vouloumanos, A. J Autism Dev Disord (2013) 43: 2114. https://doi.org/10.1007/s10803-013-1759-1","Curtin & Vouloumanos (2013)","yes","CI","infant",1,"speech_vs_SWS","curtin2013","CF","within_two","behavior","test_only","typical","looking_time",28,379.5868,15.8288,NA,0.5483870968,"no",NA,"no","native","SWS",11.7,9.5,5.3,3.8,2.16,NA,NA,0.48,NA,NA,NA,NA,"","",NA,NA,NA,NA,NA,NA,NA,NA,NA,NA
"90","vouloumanos2014","Vouloumanos, A., Curtin, S. (2014). Foundational Tuning: How Infants' Attention to Speech Predicts Language Development. Cognitive Science 38(4),1675-1686.","Vouloumanos & Curtin (2014)","yes","CI","infant",1,"speech_vs_SWS","vouloumanos2014","CF","within_two","behavior","test_only","typical","looking_time",27,380.5,15.8288,3,NA,"no",NA,"no","native","SWS",12,9.6,5.2,3.9,2.29,NA,NA,NA,NA,NA,NA,NA,"","",NA,NA,NA,NA,NA,NA,NA,NA,NA,NA
"91","Cooper1994","Cooper, R. P. & Aslin, N. R. (1990). Developmental Differences in Infant Attention to the Spectral Properties of Infant-directed Speech. Child Development. 65(6), 1663-1677. DOI:10.1111/j.1467-8624.1994.tb00841.x","Cooper & Aslin (1994)","yes","CI","infant",4,"IDS_vs_LP-filteredIDS","cooper1994","CF","within_two","eye-tracking","test_only","typical","looking_time",16,34,6,9,0.6875,"no","yes","yes","native","LPfiltered",32.8,23.1,NA,NA,NA,4.88,NA,NA,NA,NA,NA,NA,"","",NA,NA,NA,NA,NA,NA,NA,NA,NA,NA
"92","dehaene-lambertz2010","Dehaene-Lambertz, G., Montavont, A., Jobert, A., Allirol,  L., Dubois,  J., Hertz-Pannier, L., Dehaene, S. (2010). Language or music, mother or Mozart? Structural and environmental influences on infantsâ€™ language networks. Brain and Language, 114(2), 53-65.","Dehaene-Lambertz et al. (2010)","yes","CI","infant",1,"speech_vs_music","dehaene-lambertz2010","PL","within_two","NIRS","test_only","typical","mean_amplitude",7,72,29,15,0.2857142857,"no",NA,"no","native","music",0.0029285714,0.0040952381,0.003275691999,0.002645751311,NA,NA,NA,NA,NA,NA,NA,NA,"fMRI study ","not sure whether the variability is sem or sd",NA,NA,NA,NA,NA,NA,NA,NA,NA,NA
"93","dehaene-lambertz2010","Dehaene-Lambertz, G., Montavont, A., Jobert, A., Allirol,  L., Dubois,  J., Hertz-Pannier, L., Dehaene, S. (2010). Language or music, mother or Mozart? Structural and environmental influences on infantsâ€™ language networks. Brain and Language, 114(2), 53-65.","Dehaene-Lambertz et al. (2010)","yes","CI","infant",1,"speech_vs_music","dehaene-lambertz2010","PL","within_two","NIRS","test_only","typical","mean_amplitude",7,72,29,15,0.2857142857,"no",NA,"no","native","music",0.0006428571,0.0008095238,0.002708745327,0.002078804639,NA,NA,NA,NA,NA,NA,NA,NA,"fMRI study ","not sure whether the variability is sem or sd",NA,NA,NA,NA,NA,NA,NA,NA,NA,NA
"94","bartha-doering2019","Bartha-Doering et al. (2019). Absence of neural speech discrimination in preterm infants at equivalent-term age. Developmental Cognitive Neuroscience.","Bartha-Doering et al. (2019)","yes","CI","infant",1,"fwd_vs_bwd_speech","bartha-doering2019_full-term","PL","within_two","NIRS","test_only","typical","mean_amplitude",15,2.17,2,4,0.6,"no","yes","no","native","backward",0.019,-0.005,0.025,0.021,3.82,NA,NA,NA,NA,NA,NA,NA,"left hemisphere","",NA,NA,NA,NA,NA,NA,NA,NA,NA,NA
"95","bartha-doering2019","Bartha-Doering et al. (2019). Absence of neural speech discrimination in preterm infants at equivalent-term age. Developmental Cognitive Neuroscience.","Bartha-Doering et al. (2019)","yes","CI","infant",1,"fwd_vs_bwd_speech","bartha-doering2019_full-term","PL","within_two","NIRS","test_only","typical","mean_amplitude",15,2.17,2,4,0.6,"no","yes","no","native","backward",NA,NA,NA,NA,1.7,NA,NA,NA,NA,NA,NA,NA,"right hemisphere","",NA,NA,NA,NA,NA,NA,NA,NA,NA,NA
