"","study_ID","long_cite","short_cite","peer_reviewed","coder","participant_age","expt_num","expt_condition","same_infant","method","participant_design","response_mode","exposure_phase","infant_type","dependent_measure","n_1","mean_age_1","age_range_1","n_excluded_1","gender_1","natural","homospecific","vocal","test_lang","talker_gender","utterance_length","contrast_stim","trial_length","prosody","x_1","x_2","SD_1","SD_2","t","F","d","corr","F..1.n.","df.F.","notes_code","note_stats","corr_imputed","d_calc","d_var_calc","g_calc","g_var_calc","r_calc","r_var_calc","z_calc","z_var_calc","log_odds_calc","log_odds_var_calc","es_method","outlier","age_months","agec","weight"
"1","may2018","May L., Gervain J., Carreiras M., Werker J.F. (2019).The specificity of the neural response to speech at birth. Developmental Science. https://doi.org/10.1111/desc.12564","May et al. (2018)","yes","CI","infant","2","fwd_vs_backward_foreign","may2018_2","PL","within_two","NIRS","test_only","typical","mean_amplitude",20,1.21,4,14,NA,"no","yes","no","foreign",NA,NA,"backward speech","fixed",NA,0.087,0.021,0.075,0.077,NA,NA,NA,NA,NA,NA,"Left hemisphere",NA,0.743152286379234,0.868345887438844,0.0445353858678754,0.832164808795559,0.040901422090462,0.398255736693037,0.00663194527002938,0.421574146595671,0.0588235294117647,1.57500521857197,0.146515546788599,"group_means_two",FALSE,0.0397503285151117,-93.2249851132719,24.4490276594367
"2","may2018","May L., Gervain J., Carreiras M., Werker J.F. (2019).The specificity of the neural response to speech at birth. Developmental Science. https://doi.org/10.1111/desc.12564","May et al. (2018)","yes","CI","infant","2","fwd_vs_backward_foreign","may2018_2","PL","within_two","NIRS","test_only","typical","mean_amplitude",20,1.21,4,14,NA,"no","yes","no","foreign",NA,NA,"backward speech","fixed",NA,0.066,0.035,0.096,0.071,NA,NA,NA,NA,NA,NA,"right hemisphere",NA,0.737865841343285,0.367166134127046,0.0295836901169165,0.351867545205086,0.0271697431802931,0.180565505043281,0.00669584432331014,0.182567191085948,0.0588235294117647,0.665965700647972,0.0973264393927943,"group_means_two",FALSE,0.0397503285151117,-93.2249851132719,36.8056478621898
"3","may2018","May L., Gervain J., Carreiras M., Werker J.F. (2019).The specificity of the neural response to speech at birth. Developmental Science. https://doi.org/10.1111/desc.12564","May et al. (2018)","yes","CI","infant","2","fwd_vs_backward_foreign","may2018_2","PL","within_two","NIRS","test_only","typical","mean_amplitude",20,1.21,4,14,NA,"no","yes","no","foreign",NA,NA,"backward speech","fixed",NA,0.0158,0,0.11,0.1,NA,NA,NA,NA,NA,NA,"Left hemisphere",NA,0.633219735918612,0.15030587215282,0.0372428227882293,0.144043127479786,0.0342039119009953,0.0749416003374587,0.00915471151787113,0.0750823717643939,0.0588235294117647,0.272624695351455,0.1225239758999,"group_means_two",FALSE,0.0397503285151117,-93.2249851132719,29.236421930174
"4","may2018","May L., Gervain J., Carreiras M., Werker J.F. (2019).The specificity of the neural response to speech at birth. Developmental Science. https://doi.org/10.1111/desc.12564","May et al. (2018)","yes","CI","infant","2","fwd_vs_backward_foreign","may2018_2","PL","within_two","NIRS","test_only","typical","mean_amplitude",20,1.21,4,14,NA,"no","yes","no","foreign",NA,NA,"backward speech","fixed",NA,0.008,0.016,0.11,0.078,NA,NA,NA,NA,NA,NA,"right hemisphere",NA,0.837211503865378,-0.083899674024181,0.0164548284959963,-0.0804038542731735,0.01511216019858,-0.0419129742307954,0.00409206557028648,-0.0419375429362777,0.0588235294117647,-0.152177175404518,0.0541342159144187,"group_means_two",FALSE,0.0397503285151117,-93.2249851132719,66.1718766119198
"5","may2018","May L., Gervain J., Carreiras M., Werker J.F. (2019).The specificity of the neural response to speech at birth. Developmental Science. https://doi.org/10.1111/desc.12564","May et al. (2018)","yes","CI","infant","1","fwd_vs_backward_native","may2018_1","PL","within_two","NIRS","test_only","typical","mean_amplitude",24,1.46,3,17,NA,"no","yes","no","native",NA,NA,"backward speech","fixed",NA,0.052,0.009,0.068,0.078,NA,NA,NA,NA,NA,NA,"Left hemisphere",NA,0.633219735918612,0.587664250718602,0.0377597984978793,0.567630242171377,0.0352291508454517,0.28191418399077,0.00736335231420993,0.289760306632466,0.0476190476190476,1.06590504433658,0.124224757812972,"group_means_two",FALSE,0.0479632063074901,-92.9749851132719,28.3855834160449
"6","may2018","May L., Gervain J., Carreiras M., Werker J.F. (2019).The specificity of the neural response to speech at birth. Developmental Science. https://doi.org/10.1111/desc.12564","May et al. (2018)","yes","CI","infant","1","fwd_vs_backward_native","may2018_1","PL","within_two","NIRS","test_only","typical","mean_amplitude",24,1.46,3,17,NA,"no","yes","no","native",NA,NA,"backward speech","fixed",NA,0.0342,0.0096,0.079,0.065,NA,NA,NA,NA,NA,NA,"right hemisphere",NA,0.023967341829768,0.340063280270291,0.0837452847347733,0.32847021389744,0.0781327068967894,0.167625810162471,0.019220613557984,0.16922282846588,0.0476190476190476,0.616806561553656,0.275510943596267,"group_means_two",FALSE,0.0479632063074901,-92.9749851132719,12.7987374265807
"7","may2018","May L., Gervain J., Carreiras M., Werker J.F. (2019).The specificity of the neural response to speech at birth. Developmental Science. https://doi.org/10.1111/desc.12564","May et al. (2018)","yes","CI","infant","1","fwd_vs_backward_foreign","may2018_1","PL","within_two","NIRS","test_only","typical","mean_amplitude",24,1.46,3,17,NA,"no","yes","no","foreign",NA,NA,"backward speech","fixed",NA,0.032,0.027,0.065,0.079,NA,NA,NA,NA,NA,NA,"Left hemisphere",NA,0.646481153822258,0.0691185529004656,0.0295594324805421,0.0667622385970407,0.0275783703088735,0.0345386570932129,0.00736344315332993,0.0345524008698611,0.0476190476190476,0.125367187307654,0.0972466349678874,"group_means_two",FALSE,0.0479632063074901,-92.9749851132719,36.2603006921784
"8","may2018","May L., Gervain J., Carreiras M., Werker J.F. (2019).The specificity of the neural response to speech at birth. Developmental Science. https://doi.org/10.1111/desc.12564","May et al. (2018)","yes","CI","infant","1","fwd_vs_backward_foreign","may2018_1","PL","within_two","NIRS","test_only","typical","mean_amplitude",24,1.46,3,17,NA,"no","yes","no","foreign",NA,NA,"backward speech","fixed",NA,0.0178,0.0185,0.065,0.065,NA,NA,NA,NA,NA,NA,"right hemisphere",NA,0.728281404496116,-0.0107692307692308,0.0226456324655604,-0.0104020979020979,0.0211279305996479,-0.00538453732532056,0.00566091570293676,-0.00538458936462407,0.0476190476190476,-0.0195332239225223,0.0745011446158489,"group_means_two",FALSE,0.0479632063074901,-92.9749851132719,47.3307120772473
"9","Ecklund-Flores1996","Ecklundâ€<90>Flores, L. and Turkewitz, G. (1996). Asymmetric headturning to speech and nonspeech in human newborns. Developmental Psychobiology 29, 205-217.","Ecklund-Flores & Turkewitz (1996)","yes","CI","infant","1","speech_vs_heartbeat","ecklund-flores1","HPP","within_two","behavior","test_only","typical","pc_head_turns",12,1.5,2,3.2,NA,"yes","yes","no","native","female","passages","Heartbeat","fixed","IDS",0.33,0.38,0.07,0.09,NA,NA,NA,NA,NA,NA,"comparison between heartbeat and unfiltered speech, left turn",NA,0.748746570806925,-0.620173672946042,0.0579012125578202,-0.573660647475089,0.0495417249947849,-0.296174438879546,0.0109903906942082,-0.305320961400044,0.111111111111111,-1.12487061370433,0.190487354096358,"group_means_two",FALSE,0.0492772667542707,-92.9349851132718,20.1850056715883
"10","Ecklund-Flores1996","Ecklundâ€<90>Flores, L. and Turkewitz, G. (1996). Asymmetric headturning to speech and nonspeech in human newborns. Developmental Psychobiology 29, 205-217.","Ecklund-Flores & Turkewitz (1996)","yes","CI","infant","1","speech_vs_heartbeat","ecklund-flores1","HPP","within_two","behavior","test_only","typical","pc_head_turns",12,1.5,2,3.2,NA,"yes","yes","no","native","female","passages","Heartbeat","fixed","IDS",0.58,0.38,0.08,0.06,2.53,NA,NA,NA,NA,NA,"comparison between heartbeat and unfiltered speech, right turn",NA,0.425530991725535,2.82842712474619,0.429078168045744,2.61629509039023,0.36713000753414,0.816496580927726,0.00397294600042356,1.14621583478059,0.111111111111111,5.13019932064746,1.41161059191854,"group_means_two",TRUE,0.0492772667542707,-92.9349851132718,2.72383073973328
"11","Ecklund-Flores1996","Ecklundâ€<90>Flores, L. and Turkewitz, G. (1996). Asymmetric headturning to speech and nonspeech in human newborns. Developmental Psychobiology 29, 205-217.","Ecklund-Flores & Turkewitz (1996)","yes","CI","infant","2","unfiltered_vs_LPfiltered_speech","ecklund-flores2","HPP","within_two","behavior","test_only","typical","pc_head_turns",12,1.5,2,3.2,NA,"yes","yes","yes","native","female","passages","Low-pass filtered speech","fixed","IDS",0.28,0.28,0.07,0.04,NA,NA,NA,NA,NA,NA,"comparison between low-pass filtered and unfiltered speech, left turn",NA,0.728281404496116,0,0.0452864325839807,0,0.0387482038796685,0,0.0113216081459952,0,0.111111111111111,0,0.148986391446831,"group_means_two",FALSE,0.0492772667542707,-92.9349851132718,25.8076478358964
"12","Ecklund-Flores1996","Ecklundâ€<90>Flores, L. and Turkewitz, G. (1996). Asymmetric headturning to speech and nonspeech in human newborns. Developmental Psychobiology 29, 205-217.","Ecklund-Flores & Turkewitz (1996)","yes","CI","infant","2","unfiltered_vs_LPfiltered_speech","ecklund-flores2","HPP","within_two","behavior","test_only","typical","pc_head_turns",12,1.5,2,3.2,NA,"yes","yes","yes","native","female","passages","Low-pass filtered speech","fixed","IDS",0.61,0.53,0.09,0.08,NA,NA,NA,NA,NA,NA,"comparison between low-pass filtered and unfiltered speech, right turn",NA,0.743152286379234,0.939552351223525,0.0795895614655299,0.869085924881761,0.068098818528944,0.425195202762187,0.0109390681519988,0.454016783810253,0.111111111111111,1.70415945731399,0.261839162040322,"group_means_two",FALSE,0.0492772667542707,-92.9349851132718,14.6845425750664
"13","Ecklund-Flores1996","Ecklundâ€<90>Flores, L. and Turkewitz, G. (1996). Asymmetric headturning to speech and nonspeech in human newborns. Developmental Psychobiology 29, 205-217.","Ecklund-Flores & Turkewitz (1996)","yes","CI","infant","3","unfiltered vs high-pass filtered speech","ecklund-flores3","HPP","within_two","behavior","test_only","typical","pc_head_turns",10,1.5,2,3.2,NA,"no","yes","yes","native","female","passages","High-pass filtered speech","fixed","IDS",0.38,0.37,0.09,0.08,NA,NA,NA,NA,NA,NA,"comparison between high-pass filtered and unfiltered speech, left turn",NA,0.425530991725535,0.117444043902941,0.115583456827307,0.10643366478704,0.094927428898208,0.058621038176055,0.0285989912228227,0.0586883259237903,0.142857142857143,0.21301993216425,0.380254331398636,"group_means_two",FALSE,0.0492772667542707,-92.9349851132718,10.5343630561438
"14","Ecklund-Flores1996","Ecklundâ€<90>Flores, L. and Turkewitz, G. (1996). Asymmetric headturning to speech and nonspeech in human newborns. Developmental Psychobiology 29, 205-217.","Ecklund-Flores & Turkewitz (1996)","yes","CI","infant","3","unfiltered vs high-pass filtered speech","ecklund-flores3","HPP","within_two","behavior","test_only","typical","pc_head_turns",10,1.5,2,3.2,NA,"no","yes","yes","native","female","passages","High-pass filtered speech","fixed","IDS",0.53,0.4,0.08,0.07,1.57,NA,NA,NA,NA,NA,"comparison between high-pass filtered and unfiltered speech, right turn",NA,0.646481153822258,1.72949427361812,0.220261291359442,1.56735418546642,0.180898189485636,0.654100987054616,0.0103136459880428,0.782433033812408,0.142857142857143,3.13695561393527,0.724630603530258,"group_means_two",FALSE,0.0492772667542707,-92.9349851132718,5.52797130166638
"15","Ecklund-Flores1996","Ecklundâ€<90>Flores, L. and Turkewitz, G. (1996). Asymmetric headturning to speech and nonspeech in human newborns. Developmental Psychobiology 29, 205-217.","Ecklund-Flores & Turkewitz (1996)","yes","CI","infant","4","unfiltered vs. band-pass filtered speech","ecklund-flores4","HPP","within_two","behavior","test_only","typical","pc_head_turns",14,1.5,2,3.2,NA,"no","yes","yes","native","female","passages","Band-pass filtered speech","fixed","IDS",0.35,0.34,0.07,0.07,NA,NA,NA,NA,NA,NA,"comparison between band-pass filtered and unfiltered speech, left turn",NA,0.578300708083814,0.142857142857142,0.0609716189617875,0.133928571428571,0.0535883369781335,0.0712470499879093,0.0150119555955956,0.0713679718762111,0.0909090909090909,0.259114194890601,0.200588586282267,"group_means_two",FALSE,0.0492772667542707,-92.9349851132718,18.6607768852399
"16","Ecklund-Flores1996","Ecklundâ€<90>Flores, L. and Turkewitz, G. (1996). Asymmetric headturning to speech and nonspeech in human newborns. Developmental Psychobiology 29, 205-217.","Ecklund-Flores & Turkewitz (1996)","yes","CI","infant","4","unfiltered vs. band-pass filtered speech","ecklund-flores4","HPP","within_two","behavior","test_only","typical","pc_head_turns",14,1.5,2,3.2,NA,"no","yes","yes","native","female","passages","Band-pass filtered speech","fixed","IDS",0.54,0.5,0.05,0.07,NA,NA,NA,NA,NA,NA,"comparison between band-pass filtered and unfiltered speech, right turn",NA,0.748746570806925,0.65759594922143,0.0513373624715976,0.61649620239509,0.0451207287348026,0.312347523777212,0.00943250758576426,0.323144613404933,0.0909090909090909,1.19274711462083,0.168893152863333,"group_means_two",FALSE,0.0492772667542707,-92.9349851132718,22.1627626157704
"17","Ecklund-Flores1996","Ecklundâ€<90>Flores, L. and Turkewitz, G. (1996). Asymmetric headturning to speech and nonspeech in human newborns. Developmental Psychobiology 29, 205-217.","Ecklund-Flores & Turkewitz (1996)","yes","CI","infant","5","unfiltered vs heartspeech","ecklund-flores5","HPP","within_two","behavior","test_only","typical","pc_head_turns",11,1.5,2,3.2,NA,"no","yes","yes","native","female","passages","Rhythmically altered speech","fixed","IDS",0.26,0.24,0.08,0.08,NA,NA,NA,NA,NA,NA,"comparison between low-pass filtered and speech segments at heartbeat rate, left turn",NA,0.578300708083814,0.25,0.0795135076211247,0.229166666666667,0.0668134334871951,0.124034734589209,0.0189749557959327,0.124676746921443,0.125,0.453449841058555,0.261588954921168,"group_means_two",FALSE,0.0492772667542707,-92.9349851132718,14.9670500048714
"18","Ecklund-Flores1996","Ecklundâ€<90>Flores, L. and Turkewitz, G. (1996). Asymmetric headturning to speech and nonspeech in human newborns. Developmental Psychobiology 29, 205-217.","Ecklund-Flores & Turkewitz (1996)","yes","CI","infant","5","unfiltered vs heartspeech","ecklund-flores5","HPP","within_two","behavior","test_only","typical","pc_head_turns",11,1.5,2,3.2,NA,"no","yes","yes","native","female","passages","Rhythmically altered speech","fixed","IDS",0.55,0.32,0.08,0.08,2.1,NA,NA,NA,NA,NA,"comparison between low-pass filtered and speech segments at heartbeat rate, right turn",NA,0.310498396300499,2.875,0.501074155218091,2.63541666666667,0.421041477648535,0.820905201785487,0.00434463140666237,1.15958687771424,0.125,5.21467317217338,1.64846789587087,"group_means_two",TRUE,0.0492772667542707,-92.9349851132718,2.37506291680544
"19","may2011","May L, Byers-Heinlein K, Gervain J and Werker JF (2011) Language and the newborn brain: does prenatal language experience shape the neonate neural response to speech? Front. Psychology 2:222. doi: 10.3389/fpsyg.2011.00222","May et al. (2011)","yes","CI","infant","1","fwd_vs_backward_native","may2011","PL","within_two","NIRS","test_only","typical","mean_amplitude",20,1.6,3,10,NA,"no","yes","no","native",NA,NA,"backward speech","fixed",NA,0.0129,0.0122,0.0534,0.0567,NA,NA,NA,NA,NA,NA,"Left hemisphere",NA,0.5696129917259,0.0127100051524491,0.0430427394331844,0.0121804216044304,0.0395305714586016,0.00635487425336086,0.0107593812186751,0.00635495980141837,0.0588235294117647,0.0230533992649257,0.141604936848233,"group_means_two",FALSE,0.0525624178712221,-92.8349851132719,25.296876900635
"20","may2011","May L, Byers-Heinlein K, Gervain J and Werker JF (2011) Language and the newborn brain: does prenatal language experience shape the neonate neural response to speech? Front. Psychology 2:222. doi: 10.3389/fpsyg.2011.00223","May et al. (2011)","yes","CI","infant","1","fwd_vs_backward_native","may2011","PL","within_two","NIRS","test_only","typical","mean_amplitude",20,1.6,3,10,NA,"no","yes","no","native",NA,NA,"backward speech","fixed",NA,0.019,0.0224,0.0567,0.0787,NA,NA,NA,NA,NA,NA,"right hemisphere",NA,0.743152286379234,-0.0495714786903332,0.0257462046495652,-0.0475060004115693,0.0236453858673959,-0.0247781295039648,0.00642470316765689,-0.0247832022640616,0.0588235294117647,-0.0899127165326764,0.0847016182402321,"group_means_two",FALSE,0.0525624178712221,-92.8349851132719,42.2915492099826
"21","may2011","May L, Byers-Heinlein K, Gervain J and Werker JF (2011) Language and the newborn brain: does prenatal language experience shape the neonate neural response to speech? Front. Psychology 2:222. doi: 10.3389/fpsyg.2011.00224","May et al. (2011)","yes","CI","infant","1","fwd_vs_backward_foreign","may2011","PL","within_two","NIRS","test_only","typical","mean_amplitude",20,1.6,3,10,NA,"no","yes","no","foreign",NA,NA,"backward speech","fixed",NA,0.0233,0.0353,0.0821,0.0662,NA,NA,NA,NA,NA,NA,"Left hemisphere",NA,0.748746570806925,-0.16091191510006,0.0257726590298368,-0.154207251970891,0.0236696816437216,-0.0801968128002882,0.0063196444006304,-0.0803694086946894,0.0588235294117647,-0.2918619293062,0.0847886496628841,"group_means_two",FALSE,0.0525624178712221,-92.8349851132719,42.2481389928305
"22","may2011","May L, Byers-Heinlein K, Gervain J and Werker JF (2011) Language and the newborn brain: does prenatal language experience shape the neonate neural response to speech? Front. Psychology 2:222. doi: 10.3389/fpsyg.2011.00225","May et al. (2011)","yes","CI","infant","1","fwd_vs_backward_foreign","may2011","PL","within_two","NIRS","test_only","typical","mean_amplitude",20,1.6,3,10,NA,"no","yes","no","foreign",NA,NA,"backward speech","fixed",NA,0.0156,0.0214,0.0661,0.0485,NA,NA,NA,NA,NA,NA,"right hemisphere",NA,0.442083426787632,-0.100048638316034,0.0560419005719591,-0.0958799450528656,0.0514690371572333,-0.0499618451451401,0.0139058185660835,-0.050003478870565,0.0588235294117647,-0.181468156570121,0.184370462843473,"group_means_two",FALSE,0.0525624178712221,-92.8349851132719,19.4291569307016
"23","Vouloumanos2007","Vouloumanos, A., & Werker, J. F. (2007). Listening to language at birth: evidence for a bias for speech in neonates. Developmental Science 10(2), 159â€“171. DOI: 10.1111/j.1467-7687.2007.00549.x","Vouloumanos & Werker (2007)","yes","CI","infant","1","natural vs. SWS","vouloumanos2007","HAS","within_two","behavior","test_only","typical","sucking_time",22,1.879166667,3,24,NA,"no",NA,"no","native","female","pseudo-words","Sine-Wave Speech","infant_controlled",NA,73,63.45,16.369551,20.21569192,2.84,NA,NA,0.646481153822258,NA,NA,"2nd block",NA,0.646481153822258,0.519207181572635,0.0382648064115356,0.499736912263662,0.0354487558146867,0.251274438785695,0.00786620441036154,0.256772676242721,0.0526315789473684,0.941737655842286,0.125886167255375,"group_means_two",FALSE,0.0617334647503285,-92.5558184462718,28.2097347852669
"24","Vouloumanos2007","Vouloumanos, A., & Werker, J. F. (2007). Listening to language at birth: evidence for a bias for speech in neonates. Developmental Science 10(2), 159â€“171. DOI: 10.1111/j.1467-7687.2007.00549.x","Vouloumanos & Werker (2007)","yes","CI","infant","1","natural vs. SWS","vouloumanos2007","HAS","within_two","behavior","test_only","typical","sucking_time",22,1.879166667,3,24,NA,"no",NA,"no","native","female","pseudo-words","Sine-Wave Speech","infant_controlled",NA,71.91,76.91,16.369551,20.21569192,1.18,NA,NA,0.425530991725535,NA,NA,"1st block",NA,0.425530991725535,-0.271836220718657,0.0539038855452832,-0.261642362441708,0.0499368964684351,-0.134679784146193,0.0127558846162066,-0.135503065718942,0.0526315789473684,-0.493056364315333,0.177336675337848,"group_means_two",FALSE,0.0617334647503285,-92.5558184462718,20.0252733093274
"25","Vouloumanos2010","Vouloumanos, A., Hauser, M. D., Werker, J.F., Martin, A. (2010). The tuning of Human Neonates' Preference for Speech. Child Development, 81(2) 517-527.","Vouloumanos et al. (2010)","yes","CI","infant","1","speech vs. rhesus call","vouloumanos2010_1","HAS","within_two","behavior","test_only","typical","sucking_time",30,1.958333333,4.666666667,44,0.4,"yes","no","yes","native","female","pseudo-words","Monkey calls","infant_controlled","IDS",33.3,33.8,2.4,2.7,NA,NA,NA,NA,NA,NA,NA,NA,0.633219735918612,-0.195740073171568,0.0250905872095127,-0.190497035497329,0.0237644504652599,-0.0974046509883157,0.00609579702334152,-0.0977144641518518,0.037037037037037,-0.355033220273749,0.0825447233163077,"group_means_two",FALSE,0.0643342093626807,-92.4766517802719,42.0796601824162
"26","Cristia2014","Cristia A., Minagawa Y., Dupoux E. (2014). Responses to Vocalizations and Auditory Controls in the Human Newborn Brain. PLoS ONE 9(12): e115162. https://doi.org/10.1371/journal.pone.0115162","Cristia et al. (2014)","yes","CI","infant","1","Foreign_vs_emotional","cristia2014","PL","within_two","NIRS","test_only","typical","mean_amplitude",31,2,6,9,0.475,"yes","yes","yes","foreign",NA,NA,"emotions","fixed",NA,0.0146,0.0196,0.04649083243,0.0557797033,NA,NA,NA,NA,NA,NA,"channel 8 (significant for all sounds vs. silence comparison)","one-sided t-test: significant activation of the cortical region",0.023967341829768,-0.0973790364616254,0.0631227953132762,-0.0948606131048592,0.0599000426096331,-0.0486319072727284,0.0156689964159582,-0.0486703009347074,0.0357142857142857,-0.176626034423837,0.207665672810991,"group_means_two",FALSE,0.0657030223390276,-92.4349851132718,16.6944789424771
"27","Cristia2014","Cristia A., Minagawa Y., Dupoux E. (2014). Responses to Vocalizations and Auditory Controls in the Human Newborn Brain. PLoS ONE 9(12): e115162. https://doi.org/10.1371/journal.pone.0115162","Cristia et al. (2014)","yes","CI","infant","1","Foreign_vs_emotional","cristia2014","PL","within_two","NIRS","test_only","typical","mean_amplitude",30,2,6,9,0.475,"yes","yes","yes","foreign",NA,NA,"emotions","fixed",NA,-0.0278,NA,0.08270610618,NA,-1.84,NA,NA,NA,NA,NA,"channel 4 (significant for all sounds vs. silence comparison)","one-sided t-test: significant activation of the cortical region",0.310498396300499,-0.394493483637354,0.0485605253905057,-0.383926693897068,0.0459939096113359,-0.193518127443821,0.0108266544192167,-0.195989606753352,0.037037037037037,-0.715532029815975,0.159757725037782,"t_two",FALSE,0.0657030223390276,-92.4349851132718,21.7420090714257
"28","Cristia2014","Cristia A., Minagawa Y., Dupoux E. (2014). Responses to Vocalizations and Auditory Controls in the Human Newborn Brain. PLoS ONE 9(12): e115162. https://doi.org/10.1371/journal.pone.0115168","Cristia et al. (2014)","yes","CI","infant","1","main_effect_condition","cristia2014","PL","within_two","NIRS","test_only","typical","mean_amplitude",28,2,6,9,0.475,NA,NA,NA,NA,NA,NA,NA,"fixed",NA,NA,NA,NA,NA,NA,NA,NA,NA,3.1,"4,27","channel 4 (significant for all sounds vs. silence comparison)","one-sided t-test: significant activation of the cortical region",0.5696129917259,NA,NA,NA,NA,NA,NA,NA,0.04,NA,NA,"t_two",FALSE,0.0657030223390276,-92.4349851132718,NA
"29","Cristia2014","Cristia A., Minagawa Y., Dupoux E. (2014). Responses to Vocalizations and Auditory Controls in the Human Newborn Brain. PLoS ONE 9(12): e115162. https://doi.org/10.1371/journal.pone.0115169","Cristia et al. (2014)","yes","CI","infant","1","main_effect_condition","cristia2014","PL","within_two","NIRS","test_only","typical","mean_amplitude",28,2,6,9,0.475,NA,NA,NA,NA,NA,NA,NA,"fixed",NA,NA,NA,NA,NA,NA,NA,NA,NA,2,"4,27","channel 8 (significant for all sounds vs. silence comparison)","one-sided t-test: significant activation of the cortical region",0.759966066617293,NA,NA,NA,NA,NA,NA,NA,0.04,NA,NA,"t_two",FALSE,0.0657030223390276,-92.4349851132718,NA
"30","Cristia2014","Cristia A., Minagawa Y., Dupoux E. (2014). Responses to Vocalizations and Auditory Controls in the Human Newborn Brain. PLoS ONE 9(12): e115162. https://doi.org/10.1371/journal.pone.0115170","Cristia et al. (2014)","yes","CI","infant","1","main_effect_condition","cristia2014","PL","within_two","NIRS","test_only","typical","mean_amplitude",30,2,6,9,0.475,NA,NA,NA,NA,NA,NA,NA,"fixed",NA,NA,NA,NA,NA,NA,NA,NA,NA,1.7,"4,27","channel 4b (significant for all sounds vs. silence comparison)","one-sided t-test: significant activation of the cortical region",0.442083426787632,NA,NA,NA,NA,NA,NA,NA,0.037037037037037,NA,NA,"t_two",FALSE,0.0657030223390276,-92.4349851132718,NA
"31","sambeth2008","Sambeth, A., Ruohio, K., Alku, P., Fellman, V., Huotilainen, M. (2008). Sleeping newborns extract prosody from continuous speech. Clinical Neurophysiology, 119 332-341.","Sambeth et al. (2008)","yes","CI","infant","1","unfiltered_vs_LPfiltered_speech","sambeth2008","PL","within_two","MEG","test_only","typical","peak_amplitude",5,2,4,6,0.2,"yes","yes","yes","native",NA,NA,"Low-pass filtered speech","fixed",NA,21.3,12.3,5.254759747,3.041052449,NA,NA,NA,NA,NA,NA,NA,NA,0.559665061676455,2.09641325186057,0.61562882758708,1.57230993889543,0.346291215517732,0.723548883326043,0.0166488721560868,0.915053368134003,0.5,3.80247302339689,2.02533766206364,"group_means_two",FALSE,0.0657030223390276,-92.4349851132718,2.88774290305032
"32","spence1987","Spence, M. J., DeCasper, A. J. (1987). Prenatal experience with low-frequency maternal-voice sounds influence neonatal perception of maternal voice samples. Infant behavior and development, 10, 133-142.","Spence & DeCasper (1987)","yes","CI","infant","1","unfiltered_vs_lowpass_filtered_speech","spence1987","HAS","within_two","behavior","conditioning","typical","sucking_time",8,2,0.9166666667,NA,0.5,"yes","yes","yes","native","female","passages","Low-pass filtered speech","infant_controlled","IDS",0.5625,0.498,0.0913,0.1122,NA,NA,NA,NA,NA,NA,"individual data available in the ""table ind scores"" tab","preference ratio for unfiltered (1-LP)",0.743152286379234,0.630589676522816,0.0890646371637633,0.551765966957464,0.0681901128285063,0.300702372424338,0.0167558040696682,0.310291620946914,0.2,1.14376315436975,0.293010911644302,"group_means_two",FALSE,0.0657030223390276,-92.4349851132718,14.66488261304
"33","bartha-doering2019","Bartha-Doering et al. (2019). Absence of neural speech discrimination in preterm infants at equivalent-term age. Developmental Cognitive Neuroscience.","Bartha-Doering et al. (2019)","yes","CI","infant","1","fwd_vs_bwd_speech","bartha-doering2019_full-term","PL","within_two","NIRS","test_only","typical","mean_amplitude",15,2.17,2,4,0.6,"no","yes","no","native",NA,NA,"backward speech","fixed",NA,0.019,-0.005,0.025,0.021,3.82,NA,NA,0.451343778431303,NA,NA,"left hemisphere",NA,0.451343778431303,1.0395553963781,0.109176676947121,0.979581046587059,0.096942751978564,0.461197465214453,0.0133194257466512,0.498831205582021,0.0833333333333333,1.88554491703686,0.359176870431205,"group_means_two",FALSE,0.0712877792378449,-92.2649851132718,10.3153663331233
"34","bartha-doering2019","Bartha-Doering et al. (2019). Absence of neural speech discrimination in preterm infants at equivalent-term age. Developmental Cognitive Neuroscience.","Bartha-Doering et al. (2019)","yes","CI","infant","1","fwd_vs_bwd_speech","bartha-doering2019_full-term","PL","within_two","NIRS","test_only","typical","mean_amplitude",15,2.17,2,4,0.6,"no","yes","no","native",NA,NA,"backward speech","fixed",NA,NA,NA,NA,NA,1.7,NA,NA,NA,NA,NA,"right hemisphere",NA,0.425530991725535,0.470491294133158,0.0839746030317651,0.443347565625476,0.0745647270263565,0.228994626031999,0.0178611795056804,0.233128196627832,0.0833333333333333,0.853376810176456,0.276265370554014,"t_two",FALSE,0.0712877792378449,-92.2649851132718,13.4111669133655
"35","pena2003","PeÃ±a, M., Maki, A., KovaÄ<8d>iÄ‡, D., Dehaene-Lambertz, G., Koizumi, H., Bouquet, F., and Mehler, J. (2003). Sounds and silence: An optical topography study of language recognition at birth. PNAS, 100(20), 11702-11705.","Pena et al. (2003)","yes","CI","infant","1","forward_vs_backwardspeech","pena2003","PL","within_two","NIRS","test_only","typical","mean_amplitude",12,2.7,3,2,NA,"no","yes","no","native",NA,NA,"backward speech","fixed",NA,NA,NA,NA,NA,NA,8.73,NA,NA,NA,NA,"left temporal region (including channel 11 reported separately below)",NA,0.837211503865378,0.486679835082445,0.0370004686005986,0.450178847451261,0.0316585259463871,0.236440264057805,0.00778387239820337,0.241000207039585,0.111111111111111,0.882739575458152,0.121726662580945,"f_two",FALSE,0.0886990801576873,-91.7349851132718,31.5870676257471
"36","pena2003","PeÃ±a, M., Maki, A., KovaÄ<8d>iÄ‡, D., Dehaene-Lambertz, G., Koizumi, H., Bouquet, F., and Mehler, J. (2003). Sounds and silence: An optical topography study of language recognition at birth. PNAS, 100(20), 11702-11705.","Pena et al. (2003)","yes","CI","infant","1","forward_vs_backwardspeech","pena2003","PL","within_two","NIRS","test_only","typical","mean_amplitude",12,2.7,3,2,NA,"no","yes","no","native",NA,NA,"backward speech","fixed",NA,NA,NA,NA,NA,NA,12.88,NA,NA,NA,NA,"ch11 LH",NA,0.748746570806925,0.734409532437092,0.0643487949211154,0.67932881750431,0.0550584376543794,0.344699868932546,0.0110072106773073,0.359416387651676,0.111111111111111,1.33207154302195,0.211699049852746,"f_two",FALSE,0.0886990801576873,-91.7349851132718,18.1625204528567
"37","sato2012","Cerebral hemodynamics in newborn infants exposed to speech sounds: A whole-head optical topography study. Human Brain Mapping.","Sato et al. (2012)","yes","CI","infant","1","fwd_vs_backward","sato2012","PL","within_two","NIRS","test_only","typical","mean_amplitude",17,4.4,6,NA,0.3529411765,"no","yes","no",NA,NA,NA,"backward speech","fixed",NA,NA,NA,NA,NA,NA,NA,NA,NA,2.75,"4,14","ch 46","main effect of sound condition, F(4,14)",0.748746570806925,NA,NA,NA,NA,NA,NA,NA,0.0714285714285714,NA,NA,"f_two",FALSE,0.144546649145861,-90.0349851132718,NA
"38","sato2012","Cerebral hemodynamics in newborn infants exposed to speech sounds: A whole-head optical topography study. Human Brain Mapping.","Sato et al. (2012)","yes","CI","infant","1","fwd_vs_backward","sato2012","PL","within_two","NIRS","test_only","typical","mean_amplitude",17,4.4,6,NA,0.3529411765,"no","yes","no",NA,NA,NA,"backward speech","fixed",NA,NA,NA,NA,NA,NA,NA,NA,NA,4.03,"4,14","ch 48","main effect of sound condition, F(4,14)",0.633219735918612,NA,NA,NA,NA,NA,NA,NA,0.0714285714285714,NA,NA,"f_two",FALSE,0.144546649145861,-90.0349851132718,NA
"39","sato2012","Cerebral hemodynamics in newborn infants exposed to speech sounds: A whole-head optical topography study. Human Brain Mapping.","Sato et al. (2012)","yes","CI","infant","1","fwd_vs_backward","sato2012","PL","within_two","NIRS","test_only","typical","mean_amplitude",17,4.4,6,NA,0.3529411765,"no","yes","no",NA,NA,NA,"backward speech","fixed",NA,NA,NA,NA,NA,NA,NA,NA,NA,3.35,"4,9","ch 45","main effect of sound condition, F(4,9)",0.578900836308067,NA,NA,NA,NA,NA,NA,NA,0.0714285714285714,NA,NA,"f_two",FALSE,0.144546649145861,-90.0349851132718,NA
"40","sato2012","Cerebral hemodynamics in newborn infants exposed to speech sounds: A whole-head optical topography study. Human Brain Mapping.","Sato et al. (2012)","yes","CI","infant","1","fwd_vs_backward","sato2012","PL","within_two","NIRS","test_only","typical","mean_amplitude",17,4.4,6,NA,0.3529411765,"no","yes","no",NA,NA,NA,"backward speech","fixed",NA,NA,NA,NA,NA,NA,NA,NA,NA,3.14,"4,14","ch 44","main effect of sound condition, F(4,14)",0.451343778431303,NA,NA,NA,NA,NA,NA,NA,0.0714285714285714,NA,NA,"f_two",FALSE,0.144546649145861,-90.0349851132718,NA
"41","Cooper1994","Cooper, R. P. & Aslin, N. R. (1990). Developmental Differences in Infant Attention to the Spectral Properties of Infant-directed Speech. Child Development. 65(6), 1663-1677. DOI:10.1111/j.1467-8624.1994.tb00841.x","Cooper & Aslin (1994)","yes","CI","infant","4","IDS_vs_LP-filteredIDS","cooper1994","CF","within_two","eye-tracking","test_only","typical","looking_time",16,34,6,9,0.6875,"no","yes","yes","native","female","passages","Low-pass filtered speech","infant_controlled","IDS",32.8,23.1,NA,NA,NA,4.88,NA,NA,NA,NA,NA,NA,0.559665061676455,0.518270501164559,0.0634357520522357,0.490506010030743,0.0568211184677073,0.250849674047681,0.0130495753445589,0.256319336515576,0.0769230769230769,0.940038705513626,0.20869525921372,"f_two",FALSE,1.11695137976347,-60.4349851132718,17.5990903904562
"42","dehaene-lambertz2010","Dehaene-Lambertz, G., Montavont, A., Jobert, A., Allirol,  L., Dubois,  J., Hertz-Pannier, L., Dehaene, S. (2010). Language or music, mother or Mozart? Structural and environmental influences on infantsâ€™ language networks. Brain and Language, 114(2), 53-65.","Dehaene-Lambertz et al. (2010)","yes","CI","infant","1","speech_vs_music","dehaene-lambertz2010","PL","within_two","NIRS","test_only","typical","mean_amplitude",7,72,29,15,0.2857142857,"no",NA,"no","native",NA,NA,"Music","fixed",NA,0.0029285714,0.0040952381,0.003275691999,0.002645751311,NA,NA,NA,NA,NA,NA,"fMRI study ","not sure whether the variability is sem or sd",0.759966066617293,-0.391837048154758,0.0795480004169614,-0.333061490931544,0.0574734303012546,-0.192263344322815,0.0177621374973579,-0.194686332732159,0.25,-0.710713788826512,0.261702431671034,"group_means_two",FALSE,2.36530880420499,-22.4349851132718,17.3993442667049
"43","dehaene-lambertz2010","Dehaene-Lambertz, G., Montavont, A., Jobert, A., Allirol,  L., Dubois,  J., Hertz-Pannier, L., Dehaene, S. (2010). Language or music, mother or Mozart? Structural and environmental influences on infantsâ€™ language networks. Brain and Language, 114(2), 53-65.","Dehaene-Lambertz et al. (2010)","yes","CI","infant","1","speech_vs_music","dehaene-lambertz2010","PL","within_two","NIRS","test_only","typical","mean_amplitude",7,72,29,15,0.2857142857,"no",NA,"no","native",NA,NA,"Music","fixed",NA,0.0006428571,0.0008095238,0.002708745327,0.002078804639,NA,NA,NA,NA,NA,NA,"fMRI study ","not sure whether the variability is sem or sd",0.559665061676455,-0.0690300538878696,0.12615035011671,-0.0586755458046892,0.0911436279593231,-0.0344944866412447,0.0314251445770299,-0.0345081777307148,0.25,-0.125206667854872,0.415018016903616,"group_means_two",FALSE,2.36530880420499,-22.4349851132718,10.9716940436724
"44","Vouloumanos2004","Vouloumanos, A., & Werker, J. F. (2004). Tuned to the signal: the priviledged status of speech for young infants. Developmental Science 7(3), 270â€“276. DOI: 10.1111/j.1467-7687.2004.00345.x","Vouloumanos & Werker (2004)","yes","CI","infant","1","speech vs. SWS","vouloumanos2004_2.5mo","CF","within_two","eye-tracking","test_only","typical","looking_time",16,76.88,NA,13,NA,"no",NA,"no","native","female","pseudo-words","Sine-Wave Speech","infant_controlled",NA,NA,NA,NA,NA,2.143,NA,NA,NA,NA,NA,NA,"mean and SD for each age group and sound type are available on fig. 2 (bar plot)",0.759966066617293,0.371204727429736,0.0343102713499066,0.351318759888857,0.030732637825857,0.18248581892684,0.00774886098297044,0.184552939171934,0.0769230769230769,0.673290898612791,0.112876268372536,"t_two",FALSE,2.52562417871222,-17.5549851132719,32.5386973180235
"45","shultz2014","Shultz, S., Vouloumanos, A., Bennett, R. H., Pelphrey, K. (2014). Neural specialization for speech in the first months of life. Developmental Science, 17(5), 766-744.","Shultz et al. (2014)","yes","CI","infant","1","main_effect_condition","shultz2014","PL","within_two","NIRS","test_only","typical","mean_amplitude",24,78,113,14,0.2916666667,NA,NA,NA,"foreign",NA,NA,NA,"fixed",NA,NA,NA,NA,NA,NA,NA,NA,NA,3.03,"4,92","coded as nirs but this is an fMRI experiment","Mean and SD are plotted on figure 3.",0.5696129917259,NA,NA,NA,NA,NA,NA,NA,0.0476190476190476,NA,NA,"t_two",FALSE,2.56241787122208,-16.4349851132718,NA
"46","shultz2014","Shultz, S., Vouloumanos, A., Bennett, R. H., Pelphrey, K. (2014). Neural specialization for speech in the first months of life. Developmental Science, 17(5), 766-744.","Shultz et al. (2014)","yes","CI","infant","1","speech vs. human communicative non-speech","shultz2014","PL","within_two","NIRS","test_only","typical","mean_amplitude",24,78,113,14,0.2916666667,"yes","yes","yes","foreign",NA,NA,"non-speech vocalizations","fixed",NA,NA,NA,NA,NA,3.23,NA,NA,NA,NA,NA,"coded as nirs but this is an fMRI experiment","Mean and SD are plotted on figure 3.",0.759966066617293,0.456823272136724,0.0243504840728444,0.441249751495699,0.0227185236862475,0.222676753086472,0.00522621823581205,0.226470755575151,0.0476190476190476,0.828585760568985,0.0801098815913337,"t_two",FALSE,2.56241787122208,-16.4349851132718,44.0169446664065
"47","shultz2014","Shultz, S., Vouloumanos, A., Bennett, R. H., Pelphrey, K. (2014). Neural specialization for speech in the first months of life. Developmental Science, 17(5), 766-744.","Shultz et al. (2014)","yes","CI","infant","1","speech vs. human walking","shultz2014","PL","within_two","NIRS","test_only","typical","mean_amplitude",24,78,113,14,0.2916666667,"yes","yes","no","foreign",NA,NA,"human_walking","fixed",NA,NA,NA,NA,NA,2.08,NA,NA,NA,NA,NA,"coded as nirs but this is an fMRI experiment","Mean and SD are plotted on figure 3.",0.334740833370795,0.489742896707428,0.0604350994040043,0.473047116137857,0.0563847615178113,0.237844436226882,0.0126869821666449,0.242488050618222,0.0476190476190476,0.888295354686158,0.198823507686011,"t_two",FALSE,2.56241787122208,-16.4349851132718,17.7352882779173
"48","shultz2014","Shultz, S., Vouloumanos, A., Bennett, R. H., Pelphrey, K. (2014). Neural specialization for speech in the first months of life. Developmental Science, 17(5), 766-744.","Shultz et al. (2014)","yes","CI","infant","1","speech vs. rhesus vocalizations","shultz2014","PL","within_two","NIRS","test_only","typical","mean_amplitude",24,78,113,14,0.2916666667,"yes","no","yes","foreign",NA,NA,"Monkey calls","fixed",NA,NA,NA,NA,NA,1.96,NA,NA,NA,NA,NA,"coded as nirs but this is an fMRI experiment","Mean and SD are plotted on figure 3.",0.743152286379234,0.286749916687802,0.0231170076917401,0.276974351346172,0.0215677144334739,0.14192366050613,0.00543701613387707,0.142888235744971,0.0476190476190476,0.52010681658255,0.0760519069514715,"t_two",FALSE,2.56241787122208,-16.4349851132718,46.3655990570777
"49","shultz2014","Shultz, S., Vouloumanos, A., Bennett, R. H., Pelphrey, K. (2014). Neural specialization for speech in the first months of life. Developmental Science, 17(5), 766-744.","Shultz et al. (2014)","yes","CI","infant","1","speech vs. human non-communicative non-speech vocalizations","shultz2014","PL","within_two","NIRS","test_only","typical","mean_amplitude",24,78,113,14,0.2916666667,"yes","yes","yes","foreign",NA,NA,"non-speech vocalizations","fixed",NA,NA,NA,NA,NA,1.82,NA,NA,NA,NA,NA,"coded as nirs but this is an fMRI experiment","Mean and SD are plotted on figure 3.",0.633219735918612,0.318187961581305,0.032674263233767,0.307340644709215,0.0304844462634255,0.157118007399584,0.00757842742371701,0.158430376568849,0.0476190476190476,0.577129122423152,0.10749401740478,"t_two",FALSE,2.56241787122208,-16.4349851132718,32.8036137300541
"50","dehaene-lambertz2002","Dehaene-Lambertz, G., Dehaene, S., and Hertz-Pannier, L. (2002). Functional Neuroimaging of Speech Perception in Infants.Science, 298(5600), 2013-2015. DOI: 10.1126/science.1077066","Dehaene-Lambertz et al. (2002)","yes","CI","infant","1","forward_vs_backward_speech","dehaene-lambertz2002","PL","within_two","NIRS","test_only","typical","peak_amplitude",20,79,6,10,0.7,"no","yes","no","native",NA,NA,"backward speech","fixed",NA,3.18,3.14,NA,NA,NA,NA,NA,NA,NA,NA,"coded as nirs but this is an fMRI experiment","x1 and x2 are max z values of the activated cluster in each condition",0.748746570806925,NA,NA,NA,NA,NA,NA,NA,0.0588235294117647,NA,NA,"t_two",FALSE,2.59526938239159,-15.4349851132718,NA
"51","mcdonald2019","Mc Donald, N. M., Perdue, K. L., Eilbott, J., Loyal, J., Shic, F., Pelphrey, K. A. (2019). Infant brain responses to social sounds: A longitudinal functional near-infrared spectroscopy study. Developmental Cognitive Neuroscience, 36, 100638.","Mc Donald et al. (2019)","yes","CI","infant","1","IDS_vs_H-NonCommunicative","mcdonald2019","PL","within_two","NIRS","test_only","typical","mean_amplitude",35,94.53,18.94,2,0.381,"yes","yes","yes","foreign",NA,NA,"non-speech vocalizations","fixed",NA,0.006,0.009,0.005,0.004,NA,NA,NA,NA,NA,NA,"Left hemisphere",NA,0.506001170960187,-0.662589156449079,0.0345002815200451,-0.647530311984327,0.0329499072988447,-0.314485451016575,0.00631073622165138,-0.32551542667873,0.03125,-1.20180379071583,0.113501376776353,"group_means_two",FALSE,3.10545335085414,0.0950148867281513,30.3490990408663
"52","mcdonald2019","Mc Donald, N. M., Perdue, K. L., Eilbott, J., Loyal, J., Shic, F., Pelphrey, K. A. (2019). Infant brain responses to social sounds: A longitudinal functional near-infrared spectroscopy study. Developmental Cognitive Neuroscience, 36, 100638.","Mc Donald et al. (2019)","yes","CI","infant","1","IDS_vs_H-NonCommunicative","mcdonald2019","PL","within_two","NIRS","test_only","typical","mean_amplitude",35,94.53,18.94,2,0.381,"yes","yes","yes","foreign",NA,NA,"non-speech vocalizations","fixed",NA,0.015,0.008,0.004,0.004,NA,NA,NA,NA,NA,NA,"right hemisphere",NA,0.759966066617293,1.75,0.0574662247647261,1.71022727272727,0.0548838066063939,0.658504607868518,0.00261010072526389,0.790168725412397,0.03125,3.17414888740988,0.18905630161731,"group_means_two",FALSE,3.10545335085414,0.0950148867281513,18.2203105402587
"53","mcdonald2019","Mc Donald, N. M., Perdue, K. L., Eilbott, J., Loyal, J., Shic, F., Pelphrey, K. A. (2019). Infant brain responses to social sounds: A longitudinal functional near-infrared spectroscopy study. Developmental Cognitive Neuroscience, 36, 100638.","Mc Donald et al. (2019)","yes","CI","infant","1","IDS_vs_H-Communicative","mcdonald2019","PL","within_two","NIRS","test_only","typical","mean_amplitude",35,94.53,18.94,2,0.381,"yes","yes","yes","foreign",NA,NA,"non-speech vocalizations","fixed",NA,0.006,0.01,0.005,0.004,NA,NA,NA,NA,NA,NA,"Left hemisphere",NA,0.559665061676455,-0.883452208598772,0.0363118222596033,-0.863373749312437,0.0346800409907058,-0.404061017820884,0.00531803734403632,-0.428492880348806,0.03125,-1.60240505428777,0.119461106928318,"group_means_two",FALSE,3.10545335085414,0.0950148867281513,28.8350293550114
"54","mcdonald2019","Mc Donald, N. M., Perdue, K. L., Eilbott, J., Loyal, J., Shic, F., Pelphrey, K. A. (2019). Infant brain responses to social sounds: A longitudinal functional near-infrared spectroscopy study. Developmental Cognitive Neuroscience, 36, 100638.","Mc Donald et al. (2019)","yes","CI","infant","1","IDS_vs_H-Communicative","mcdonald2019","PL","within_two","NIRS","test_only","typical","mean_amplitude",35,94.53,18.94,2,0.381,"yes","yes","yes","foreign",NA,NA,"non-speech vocalizations","fixed",NA,0.015,0.009,0.004,0.005,NA,NA,NA,NA,NA,NA,"right hemisphere",NA,0.737865841343285,1.32517831289816,0.040066202794321,1.29506062396865,0.0382657071108985,0.552344770738994,0.00336134994666859,0.621749231785655,0.03125,2.40360758143165,0.131812523811256,"group_means_two",FALSE,3.10545335085414,0.0950148867281513,26.1330594806959
"55","Vouloumanos2010","Vouloumanos, A., Hauser, M. D., Werker, J.F., Martin, A. (2010). The tuning of Human Neonates' Preference for Speech. Child Development, 81(2) 517-527.","Vouloumanos et al. (2010)","yes","CI","infant","3","speech vs. rhesus call","vouloumanos2010_3","CF","within_two","eye-tracking","test_only","typical","looking_time",16,100,24,20,NA,"yes","no","yes","native","female","pseudo-words","Monkey calls","infant_controlled","IDS",14.6,11.5,8.04,6.68,NA,8.49,NA,NA,NA,NA,NA,NA,0.743152286379234,0.419409384673221,0.0376029714510948,0.396941024780012,0.0336819983437899,0.205240412510698,0.00826210208942334,0.20819733761756,0.0769230769230769,0.760724475274152,0.123708817509254,"group_means_two",FALSE,3.28515111695138,5.56501488672815,29.6894498299378
"56","shultz2010","Shultz, A., & Vouloumanos, A. (2010). Three-Month-Olds Prefer Speech to Other Naturally Occurring Signals. Language Learning and Development, 6(4), 241-257.","Shultz & Vouloumanos (2010)","yes","CI","infant","1","main_effect_soundtype","shultz2010_1","CF","within_two","eye-tracking","conditioning","typical","looking_time",23,102,43,15,NA,NA,NA,NA,"foreign","female","words",NA,"infant_controlled","ADS",NA,NA,NA,NA,NA,NA,NA,NA,3.22,"3,66",NA,NA,0.646481153822258,NA,NA,NA,NA,NA,NA,NA,0.05,NA,NA,"group_means_two",FALSE,3.35085413929041,7.56501488672815,NA
"57","shultz2010","Shultz, A., & Vouloumanos, A. (2010). Three-Month-Olds Prefer Speech to Other Naturally Occurring Signals. Language Learning and Development, 6(4), 241-257.","Shultz & Vouloumanos (2010)","yes","CI","infant","1","speech_vs_humanNonCommunicative","shultz2010_1","CF","within_two","eye-tracking","conditioning","typical","looking_time",23,102,43,15,NA,"yes","yes","yes","foreign","female","words","Non-speech vocalizations","infant_controlled","ADS",14.7,11.1,6.714164133,6.714164133,2.8,NA,NA,0.578300708083814,NA,NA,NA,NA,0.578300708083814,0.536179921832125,0.0429192625269706,0.517030638909549,0.0399083448752061,0.258945901928764,0.0087129095368721,0.264978217283272,0.05,0.972522801334262,0.141198714109233,"group_means_two",FALSE,3.35085413929041,7.56501488672815,25.0574160147962
"58","shultz2010","Shultz, A., & Vouloumanos, A. (2010). Three-Month-Olds Prefer Speech to Other Naturally Occurring Signals. Language Learning and Development, 6(4), 241-257.","Shultz & Vouloumanos (2010)","yes","CI","infant","1","speech_vs_rhesus","shultz2010_1","CF","within_two","eye-tracking","conditioning","typical","looking_time",23,102,43,15,NA,"yes","no","yes","foreign","female","words","Monkey calls","infant_controlled","ADS",14.7,11.6,6.714164133,6.714164133,2.4,NA,NA,0.57438704653118,NA,NA,NA,NA,0.57438704653118,0.46171048824433,0.0416440954093499,0.44522082794989,0.0387226346344593,0.224939077485628,0.00890931743368646,0.228852376558797,0.05,0.837450190037836,0.137003582443835,"group_means_two",FALSE,3.35085413929041,7.56501488672815,25.8246890853366
"59","shultz2010","Shultz, A., & Vouloumanos, A. (2010). Three-Month-Olds Prefer Speech to Other Naturally Occurring Signals. Language Learning and Development, 6(4), 241-257.","Shultz & Vouloumanos (2010)","yes","CI","infant","1","speech_vs_environmental","shultz2010_1","CF","within_two","eye-tracking","conditioning","typical","looking_time",23,102,43,15,NA,"yes",NA,"no","foreign","female","words","Environmental sounds","infant_controlled","ADS",14.7,12.9,6.714164133,6.23458098,1.26,NA,NA,0.442083426787632,NA,NA,NA,NA,0.442083426787632,0.277828729360171,0.0501925020805948,0.267906274740165,0.0466713444091245,0.137593127173282,0.0118488543165504,0.138471423987334,0.05,0.503925572679478,0.165126713145442,"group_means_two",FALSE,3.35085413929041,7.56501488672815,21.4264237008886
"60","shultz2010","Shultz, A., & Vouloumanos, A. (2010). Three-Month-Olds Prefer Speech to Other Naturally Occurring Signals. Language Learning and Development, 6(4), 241-257.","Shultz & Vouloumanos (2010)","yes","CI","infant","2","main_effect_soundtype","shultz2010_2","CF","within_two","eye-tracking","conditioning","typical","looking_time",23,102,43,15,NA,NA,NA,NA,"foreign","female","words",NA,"infant_controlled","ADS",NA,NA,NA,NA,NA,NA,NA,NA,2.78,"3,72",NA,NA,0.5696129917259,NA,NA,NA,NA,NA,NA,NA,0.05,NA,NA,"group_means_two",FALSE,3.35085413929041,7.56501488672815,NA
"61","shultz2010","Shultz, A., & Vouloumanos, A. (2010). Three-Month-Olds Prefer Speech to Other Naturally Occurring Signals. Language Learning and Development, 6(4), 241-257.","Shultz & Vouloumanos (2010)","yes","CI","infant","3","main_effect_soundtype","shultz2010_3","CF","within_two","eye-tracking","conditioning","typical","looking_time",14,111,14,7,NA,NA,NA,NA,"foreign","female","words",NA,"infant_controlled","ADS",NA,NA,NA,NA,NA,NA,NA,NA,4.87,"2,26",NA,NA,0.310498396300499,NA,NA,NA,NA,NA,NA,NA,0.0909090909090909,NA,NA,"group_means_two",FALSE,3.64651773981603,16.5650148867282,NA
"62","shultz2010","Shultz, A., & Vouloumanos, A. (2010). Three-Month-Olds Prefer Speech to Other Naturally Occurring Signals. Language Learning and Development, 6(4), 241-257.","Shultz & Vouloumanos (2010)","yes","CI","infant","3","speech_human_noncommunicative_voc","shultz2010_3","CF","within_two","eye-tracking","conditioning","typical","looking_time",14,111,14,7,NA,"yes","yes","yes","foreign","female","words","Non-speech vocalizations","infant_controlled","ADS",16.7,12.4,5.61248608,7.109149035,2.66,NA,NA,0.5696129917259,NA,NA,NA,NA,0.5696129917259,0.671383444026237,0.0775822772146047,0.629421978774598,0.0681875483331487,0.31823925405048,0.0140793053206631,0.329686721397845,0.0909090909090909,1.21775486393217,0.255235461547932,"group_means_two",FALSE,3.64651773981603,16.5650148867282,14.6654341510305
"63","shultz2010","Shultz, A., & Vouloumanos, A. (2010). Three-Month-Olds Prefer Speech to Other Naturally Occurring Signals. Language Learning and Development, 6(4), 241-257.","Shultz & Vouloumanos (2010)","yes","CI","infant","3","speech_human_communicative_voc","shultz2010_3","CF","within_two","eye-tracking","conditioning","typical","looking_time",14,111,14,7,NA,"yes","yes","yes","foreign","female","words","Non-speech vocalizations","infant_controlled","ADS",16.7,13,5.61248608,5.61248608,2.88,NA,NA,0.633219735918612,NA,NA,NA,NA,0.633219735918612,0.659244396736214,0.0679187225340588,0.618041621940201,0.0596941897272001,0.313053861682499,0.012460779205166,0.323927503721097,0.0909090909090909,1.19573706767512,0.223443640946171,"group_means_two",FALSE,3.64651773981603,16.5650148867282,16.7520491453181
"64","dehaene-lambertz2000","Dehaene-Lambertz, G. (2000). Cerebral Specialization for Speech and Non-Speech Stimuli in Infants. Journal of Cognitive Neuroscience, 12(3) 449-460.","Dehaene-Lambertz (2000)","yes","CI","infant","2","syllables_vs_complextones","dehaene-lambertz2000","PL","within_two","EEG","test_only","typical","mean_amplitude",15,116,45,4,0.5333333333,"no",NA,"no","native",NA,NA,"complex_tones","fixed",NA,NA,NA,NA,NA,NA,NA,NA,NA,NA,NA,NA,NA,0.728281404496116,NA,NA,NA,NA,NA,NA,NA,0.0833333333333333,NA,NA,"group_means_two",FALSE,3.8107752956636,21.5650148867282,NA
"65","shultz2010","Shultz, A., & Vouloumanos, A. (2010). Three-Month-Olds Prefer Speech to Other Naturally Occurring Signals. Language Learning and Development, 6(4), 241-257.","Shultz & Vouloumanos (2010)","yes","CI","infant","2","speech_vs_environmental","shultz2010_1+2","CF","within_two","eye-tracking","conditioning","typical","looking_time",48,116,38,19,NA,"yes",NA,"no","foreign","female","words","Environmental sounds","infant_controlled","ADS",NA,NA,NA,NA,NA,4.24,NA,NA,NA,NA,NA,NA,0.743152286379234,0.213017439207064,0.0111746592071812,0.20954432878521,0.01081323872538,0.105909688245126,0.0027007068808461,0.106308366309473,0.0222222222222222,0.386370895804574,0.0367631552306232,"f_two",FALSE,3.8107752956636,21.5650148867282,92.4792308203535
"66","shultz2010","Shultz, A., & Vouloumanos, A. (2010). Three-Month-Olds Prefer Speech to Other Naturally Occurring Signals. Language Learning and Development, 6(4), 241-257.","Shultz & Vouloumanos (2010)","yes","CI","infant","2","speech_vs_water","shultz2010_2","CF","within_two","eye-tracking","conditioning","typical","looking_time",25,116,38,19,NA,"yes",NA,"no","foreign","female","words","Environmental sounds","infant_controlled","ADS",14.8,11.3,6.5,5.5,2.08,NA,NA,0.023967341829768,NA,NA,NA,NA,0.023967341829768,0.58131835897618,0.0848412333432737,0.562362325531304,0.0793983234064356,0.279108277990115,0.0166294936752843,0.286714753912469,0.0454545454545455,1.05439486992867,0.279116469999541,"group_means_two",FALSE,3.8107752956636,21.5650148867282,12.5947243858168
"67","shultz2010","Shultz, A., & Vouloumanos, A. (2010). Three-Month-Olds Prefer Speech to Other Naturally Occurring Signals. Language Learning and Development, 6(4), 241-257.","Shultz & Vouloumanos (2010)","yes","CI","infant","2","speech_vs_water","shultz2010_2","CF","within_two","eye-tracking","conditioning","typical","looking_time",25,116,38,19,NA,"yes",NA,"no","foreign","female","words","Environmental sounds","infant_controlled","ADS",14,11.3,6.5,5.5,3.1,NA,NA,0.748746570806925,NA,NA,NA,NA,0.748746570806925,0.448445591210196,0.0241223433009632,0.433822365409863,0.0225747969384369,0.218790303548662,0.00520534296565382,0.222385240083035,0.0454545454545455,0.813390328230691,0.0793593285359251,"group_means_two",FALSE,3.8107752956636,21.5650148867282,44.2971869349289
"68","shultz2010","Shultz, A., & Vouloumanos, A. (2010). Three-Month-Olds Prefer Speech to Other Naturally Occurring Signals. Language Learning and Development, 6(4), 241-257.","Shultz & Vouloumanos (2010)","yes","CI","infant","2","speech_vs_environmental","shultz2010_2","CF","within_two","eye-tracking","conditioning","typical","looking_time",25,116,38,19,NA,"yes",NA,"no","foreign","female","words","Environmental sounds","infant_controlled","ADS",NA,NA,NA,NA,2.57,NA,NA,NA,NA,NA,NA,NA,0.748746570806925,0.36436287126735,0.0227554803746098,0.352481473291241,0.021295623824112,0.179231362879243,0.00515804752410904,0.181188427136674,0.0454545454545455,0.660881144255273,0.0748625297513837,"t_two",FALSE,3.8107752956636,21.5650148867282,46.9580045299142
"69","santolin2019","Santolin C, Russo S, Calignano G, Saffran JR, Valenza E. The role of prosody in infantsâ€™ preference for speech: A comparison between speech and birdsong.Infancy. 2019;00:1â€“7. https://doi.org/10.1111/infa.12295","Santolin et al. (2019)","yes","CI","infant","1","speech_vs_birdsong","santolin2019","CF","within_two","behavior","test_only","typical","looking_time",17,124.804,NA,NA,0.4705882353,"yes","no","yes","foreign","female","passages","Bird song","infant_controlled","IDS",12.2,13,3.6,3.3,1.658,NA,-0.402,0.837211503865378,NA,NA,NA,NA,0.837211503865378,-0.231665196140304,0.0207300808129769,-0.220081936333289,0.0187088979337116,-0.115063257233057,0.00497939068696471,-0.115575124937796,0.0714285714285714,-0.420194185474479,0.0681992322755648,"group_means_two",FALSE,4.1,30.3690148867282,53.4505027256628
"70","MinagawaKawai2011","Minagawa-Kawai, Y., van der Lely, H., Ramus, F., Sato, Y., Mazuka, R., Dupoux, E. (2011). Optical Brain Imaging Reveals General Auditory and Language-Specific Processing in Early Infant Development. Cerebral Cortex, Volume 21(2), 254â€“261. https://doi.org/10.1093/cercor/bhq082","Minagawa-Kawai et al. (2011)","yes","CI","infant","1","native_vs_monkey","minagawa-kawai2011","PL","within_two","NIRS","test_only","typical","mean_amplitude",12,128,26.6,18,0.3333333333,"yes","no","yes","native",NA,NA,"Monkey calls","fixed",NA,0.15,0.11,0.5542562584,0.4849742261,NA,NA,NA,NA,NA,NA,"channel 21 (significant for all sounds vs. silence comparison)","mean is beta",0.451343778431303,0.0768095372673113,0.0916885246370835,0.0710488219722629,0.0784509938926046,0.0383764778241906,0.0228210042561531,0.0383953341938567,0.111111111111111,0.139317089862574,0.301643155429183,"group_means_two",FALSE,4.20499342969777,33.5650148867282,12.7468111031066
"71","MinagawaKawai2011","Minagawa-Kawai, Y., van der Lely, H., Ramus, F., Sato, Y., Mazuka, R., Dupoux, E. (2011). Optical Brain Imaging Reveals General Auditory and Language-Specific Processing in Early Infant Development. Cerebral Cortex, Volume 21(2), 254â€“261. https://doi.org/10.1093/cercor/bhq082","Minagawa-Kawai et al. (2011)","yes","CI","infant","1","foreign_vs_monkey","minagawa-kawai2011","PL","within_two","NIRS","test_only","typical","mean_amplitude",12,128,26.6,18,0.3333333333,"yes","no","yes","foreign",NA,NA,"Monkey calls","fixed",NA,0.08,0.11,0.3810511777,0.4849742261,NA,NA,NA,NA,NA,NA,"channel 21 (significant for all sounds vs. silence comparison)","mean is beta",0.559665061676455,-0.0687885251959984,0.0735863172705342,-0.0636293858062986,0.0629622927146009,-0.0343739370199822,0.0183314459345315,-0.0343874850021336,0.111111111111111,-0.124768583267111,0.242089280264408,"group_means_two",FALSE,4.20499342969777,33.5650148867282,15.8825220125458
"72","MinagawaKawai2011","Minagawa-Kawai, Y., van der Lely, H., Ramus, F., Sato, Y., Mazuka, R., Dupoux, E. (2011). Optical Brain Imaging Reveals General Auditory and Language-Specific Processing in Early Infant Development. Cerebral Cortex, Volume 21(2), 254â€“261. https://doi.org/10.1093/cercor/bhq082","Minagawa-Kawai et al. (2011)","yes","CI","infant","1","native_vs_scrambled","minagawa-kawai2011","PL","within_two","NIRS","test_only","typical","mean_amplitude",12,128,26.6,18,0.3333333333,"no","yes","no","native",NA,NA,"scrambled","fixed",NA,0.15,0.1,0.5542562584,0.4849742261,NA,NA,NA,NA,NA,NA,"channel 21 (significant for all sounds vs. silence comparison)","mean is beta",0.646481153822258,0.0960119215841391,0.0593039030748852,0.0888110274653287,0.0507419020684487,0.0479507396165971,0.0147239438116416,0.0479875410203606,0.111111111111111,0.174146362328217,0.195102020929888,"group_means_two",FALSE,4.20499342969777,33.5650148867282,19.7075781402724
"73","MinagawaKawai2011","Minagawa-Kawai, Y., van der Lely, H., Ramus, F., Sato, Y., Mazuka, R., Dupoux, E. (2011). Optical Brain Imaging Reveals General Auditory and Language-Specific Processing in Early Infant Development. Cerebral Cortex, Volume 21(2), 254â€“261. https://doi.org/10.1093/cercor/bhq082","Minagawa-Kawai et al. (2011)","yes","CI","infant","1","foreign_vs_scrambled","minagawa-kawai2011","PL","within_two","NIRS","test_only","typical","mean_amplitude",12,128,26.6,18,0.3333333333,"no","yes","no","foreign",NA,NA,"scrambled","fixed",NA,0.08,0.1,0.3810511777,0.4849742261,NA,NA,NA,NA,NA,NA,"channel 21 (significant for all sounds vs. silence comparison)","mean is beta",0.748746570806925,-0.0458590167973323,0.0419631985914133,-0.0424195905375324,0.035904761794778,-0.0229234830383208,0.0104742700296019,-0.0229274996285003,0.111111111111111,-0.0831790555114076,0.138053389833866,"group_means_two",FALSE,4.20499342969777,33.5650148867282,27.8514589712566
"74","colombo1981","Colombo, J., Bundy, R. S. (1981). A method for the measurement of infant auditory selectivity. Infant Behavior and Development, 4, 219-223. ","Colombo & Bundy (1981)","yes","CI","infant","2","speech_vs_whitenoise","colombo1981","CF","within_two","eye-tracking","test_only","typical","looking_time",14,131,38,NA,0.2857142857,"no",NA,"no","native","female","passages","White noise",NA,"IDS",NA,NA,NA,NA,NA,6.93,NA,NA,NA,NA,NA,NA,0.578300708083814,0.646128701573474,0.0751528380950631,0.605745657725132,0.0660522991069891,0.307419650307379,0.0139489306428875,0.317693240681636,0.0909090909090909,1.17194782812745,0.247242927205797,"f_two",FALSE,4.30354796320631,36.5650148867282,15.1395184349335
"75","Vouloumanos2004","Vouloumanos, A., & Werker, J. F. (2004). Tuned to the signal: the priviledged status of speech for young infants. Developmental Science 7(3), 270â€“276. DOI: 10.1111/j.1467-7687.2004.00345.x","Vouloumanos & Werker (2004)","yes","CI","infant","1","speech_vs_SWS","vouloumanos2004_4.5mo","CF","within_two","eye-tracking","test_only","typical","looking_time",16,140.76,NA,13,NA,"no",NA,"no","native","female","pseudo-words","Sine-Wave Speech","infant_controlled",NA,NA,NA,NA,NA,2.174,NA,NA,NA,NA,NA,NA,NA,0.442083426787632,0.574115374943906,0.0800398361436392,0.54335919414334,0.0716938455763656,0.275914716793137,0.0157790299986185,0.283254722684481,0.0769230769230769,1.04133010207035,0.263320506355244,"t_two",FALSE,4.62417871222076,46.3250148867281,13.9481986488622
"76","vouloumanos2009","Vouloumanos, A., Druhen, M. J., Hauser, M. D., & Huizink, A. T. (2009). Five-month-old infants' identification of the sources of vocalizations. PNAS 106(44), 18867â€“18872. ","Vouloumanos et al. (2009)","yes","CI","infant","2","speech_vs_monkey","vouloumanos2009_2","CF","within_two","eye-tracking","test_only","typical","looking_time",15,151.76,27.44,7,0.5333333333,"yes","no","yes","foreign","female","pseudo-words","Monkey calls","infant_controlled",NA,NA,NA,NA,NA,NA,NA,NA,NA,NA,NA,"proportion of looking time to the face that matches the voc not coded bc they would come from diff cond",NA,0.334740833370795,NA,NA,NA,NA,NA,NA,NA,0.0833333333333333,NA,NA,"t_two",FALSE,4.98554533508541,57.3250148867281,NA
"77","vouloumanos2009","Vouloumanos, A., Druhen, M. J., Hauser, M. D., & Huizink, A. T. (2009). Five-month-old infants' identification of the sources of vocalizations. PNAS 106(44), 18867â€“18872. ","Vouloumanos et al. (2009)","yes","CI","infant","1","speech_vs_monkey","vouloumanos2009_1","CF","within_two","eye-tracking","test_only","typical","looking_time",12,152.2,23.44,6,0.5,"yes","no","yes","foreign","female","pseudo-words","Monkey calls","infant_controlled",NA,NA,NA,NA,NA,NA,NA,NA,NA,NA,NA,"proportion of looking time to the face that matches the voc not coded bc they would come from diff cond",NA,0.57438704653118,NA,NA,NA,NA,NA,NA,NA,0.111111111111111,NA,NA,"t_two",FALSE,5,57.7650148867281,NA
"78","vouloumanos2009","Vouloumanos, A., Druhen, M. J., Hauser, M. D., & Huizink, A. T. (2009). Five-month-old infants' identification of the sources of vocalizations. PNAS 106(44), 18867â€“18872. ","Vouloumanos et al. (2009)","yes","CI","infant","1","speech_vs_Hcomm","vouloumanos2009_1","CF","within_two","eye-tracking","test_only","typical","looking_time",12,152.2,23.44,6,0.5,"yes","yes","yes","foreign","female","pseudo-words","Non-speech vocalizations","infant_controlled",NA,NA,NA,NA,NA,NA,5.13,NA,NA,NA,NA,"Interaction between species congruency and condition: infants match speech more than non-speech to H faces",NA,0.425530991725535,0.700835930924398,0.116210293132189,0.648273236105068,0.0994324320612289,0.330701803847374,0.0205251247632979,0.343616029566948,0.111111111111111,1.27117576594317,0.382316540183111,"f_two",FALSE,5,57.7650148867281,10.0570807660042
"79","vouloumanos2009","Vouloumanos, A., Druhen, M. J., Hauser, M. D., & Huizink, A. T. (2009). Five-month-old infants' identification of the sources of vocalizations. PNAS 106(44), 18867â€“18872. ","Vouloumanos et al. (2009)","yes","CI","infant","4","speech_vs_monkey","vouloumanos2009_4","CF","within_two","eye-tracking","test_only","typical","looking_time",12,156.2,22.44,4,0.5,"yes","no","yes","foreign","female","pseudo-words","Monkey calls","infant_controlled",NA,0.393,0.314,0.08313843876,0.05196152423,2.17,NA,NA,0.728281404496116,NA,NA,"proportion of looking time to checkerboard",NA,0.728281404496116,1.13955478235536,0.0993941451668544,1.05408817367871,0.0850441154583898,0.495057051656728,0.0106905744778954,0.542737098712131,0.111111111111111,2.06692373974621,0.326993630860433,"group_means_two",FALSE,5.13140604467805,61.7650148867281,11.75860310393
"80","vouloumanos2009","Vouloumanos, A., Druhen, M. J., Hauser, M. D., & Huizink, A. T. (2009). Five-month-old infants' identification of the sources of vocalizations. PNAS 106(44), 18867â€“18872. ","Vouloumanos et al. (2009)","yes","CI","infant","4","speech_vs_duck","vouloumanos2009_4","CF","within_two","eye-tracking","test_only","typical","looking_time",12,156.2,22.44,4,0.5,"yes","no","yes","foreign","female","pseudo-words","Duck calls","infant_controlled",NA,0.393,0.293,0.08313843876,0.05542562584,2.67,NA,NA,0.743152286379234,NA,NA,"proportion of looking time to checkerboard",NA,0.743152286379234,1.41534629273703,0.126274832618646,1.30919532078175,0.108043903659329,0.577658435903785,0.00933871741502223,0.658941321964922,0.111111111111111,2.56715420593768,0.415427547919938,"group_means_two",FALSE,5.13140604467805,61.7650148867281,9.25549675762435
"81","vouloumanos2009","Vouloumanos, A., Druhen, M. J., Hauser, M. D., & Huizink, A. T. (2009). Five-month-old infants' identification of the sources of vocalizations. PNAS 106(44), 18867â€“18872. ","Vouloumanos et al. (2009)","yes","CI","infant","3","speech_vs_duck","vouloumanos2009_3","CF","within_two","eye-tracking","test_only","typical","looking_time",15,157.2,25.44,6,0.4666666667,"yes","no","yes","foreign","female","pseudo-words","Duck calls","infant_controlled",NA,0.393,0.287,0.07745966692,0.08520563362,2.69,NA,NA,0.759966066617293,NA,NA,"proportion of looking time to the face that matches the voc",NA,0.759966066617293,1.30181448959385,0.0884952232949104,1.22670980750189,0.0785787837023225,0.545522762335287,0.00766694706991984,0.611984829691445,0.0833333333333333,2.36123029357621,0.291137615102278,"group_means_two",FALSE,5.16425755584757,62.7650148867281,12.7260814291586
"82","vouloumanos2009","Vouloumanos, A., Druhen, M. J., Hauser, M. D., & Huizink, A. T. (2009). Five-month-old infants' identification of the sources of vocalizations. PNAS 106(44), 18867â€“18872. ","Vouloumanos et al. (2009)","yes","CI","infant","3","speech_vs_monkey","vouloumanos2009_3","CF","within_two","eye-tracking","test_only","typical","looking_time",15,157.2,25.44,6,0.4666666667,"yes","no","yes","foreign","female","pseudo-words","Monkey calls","infant_controlled",NA,0.393,0.32,0.07745966692,0.07745966692,2.054,NA,NA,0.578900836308067,NA,NA,"proportion of looking time to the face that matches the voc",NA,0.578900836308067,0.94242594762761,0.085752110717651,0.888055219879863,0.0761430539323521,0.42625965819839,0.0117469950507099,0.455316872562244,0.0833333333333333,1.70937158464479,0.28211313644721,"group_means_two",FALSE,5.16425755584757,62.7650148867281,13.133174312767
"83","vandenboschdernederlanden2020","Vanden Bosch der Nederlanden, C. M., Vouloumanos, A. (under review). Infant biases for detecting speech in complex scenes.","Vanden Bosch der Nederlanden & Vouloumanos (2020)","yes","CI","infant","1","speech_vs_music","vandenboschdernederlanden1","CF","within_two","eye-tracking","test_only","typical","looking_time",30,159.2,46.88,13,0.4333333333,"no",NA,"no","native","both",NA,"Music",NA,NA,16.1,19.46,8.051521595,11.72126273,NA,NA,NA,NA,NA,NA,NA,NA,0.5696129917259,-0.334154713360318,0.0305534567592886,-0.325204140681024,0.028938585758698,-0.16479310132999,0.00703281104799619,-0.166309638903436,0.037037037037037,-0.606089606648813,0.100516843766656,"group_means_two",FALSE,5.2299605781866,64.7650148867281,34.5559388540413
"84","vandenboschdernederlanden2020","Vanden Bosch der Nederlanden, C. M., Vouloumanos, A. (under review). Infant biases for detecting speech in complex scenes.","Vanden Bosch der Nederlanden & Vouloumanos (2020)","yes","CI","infant","1","speech_vs_water","vandenboschdernederlanden1","CF","within_two","eye-tracking","test_only","typical","looking_time",30,159.2,46.88,13,0.4333333333,"yes",NA,"no","native","both",NA,"Environmental sounds",NA,NA,16.1,14.54,8.051521595,9.475600245,NA,NA,NA,NA,NA,NA,NA,NA,0.646481153822258,0.17742515293258,0.0240925844934019,0.172672693479029,0.0228191961388798,0.0883655429786957,0.00588315033626241,0.0885966264668462,0.037037037037037,0.321813629588273,0.0792614259832323,"group_means_two",FALSE,5.2299605781866,64.7650148867281,43.8227531729823
"85","vandenboschdernederlanden2020","Vanden Bosch der Nederlanden, C. M., Vouloumanos, A. (under review). Infant biases for detecting speech in complex scenes.","Vanden Bosch der Nederlanden & Vouloumanos (2020)","yes","CI","infant","2","speech_vs_water","vandenboschdernederlanden2","CF","within_two","eye-tracking","test_only","typical","looking_time",19,164.2,46.88,3,0.3157894737,"yes",NA,"no","native","both",NA,"Environmental sounds",NA,NA,18.86,17.43,9.676755655,10.41776848,NA,NA,NA,NA,NA,NA,NA,NA,0.5696129917259,0.142230657168487,0.0458362524456574,0.135955775234583,0.041881091389036,0.0709361788467646,0.0112869480921789,0.071055521603308,0.0625,0.257977875546817,0.150795226289034,"group_means_two",FALSE,5.39421813403416,69.7650148867281,23.8771237050854
"86","vandenboschdernederlanden2020","Vanden Bosch der Nederlanden, C. M., Vouloumanos, A. (under review). Infant biases for detecting speech in complex scenes.","Vanden Bosch der Nederlanden & Vouloumanos (2020)","yes","CI","infant","2","speech_vs_animal","vandenboschdernederlanden2","CF","within_two","eye-tracking","test_only","typical","looking_time",19,164.2,45.88,3,0.3157894737,"yes","no","yes","native","both",NA,"Animal calls",NA,NA,18.86,12.65,9.676755655,6.1896365,NA,NA,NA,NA,NA,NA,NA,NA,0.721811023625778,0.764539495988053,0.0446651722742777,0.730809812341521,0.0408110624694687,0.357069667975131,0.00741663999633501,0.373523314089757,0.0625,1.38672125175508,0.146942526951209,"group_means_two",FALSE,5.39421813403416,69.7650148867281,24.5031601602657
"87","ference2018","Ference, J. D. (2018) The Role of Attentional Biases for Conspecific Vocalizations. Doctoral Dissertation. University of Calgary.","Ference (2018)","no","CI","infant","1A","speech_vs_SWS","ference2018","CF","within_two","behavior","test_only","typical","looking_time",58,182.64,NA,21,0.4482758621,"no",NA,"no","native","female","pseudo-words","Sine-Wave Speech","infant_controlled",NA,19,17,9.5,10.4,2.1,4.28,0.28,0.737865841343285,NA,NA,NA,NA,0.737865841343285,0.200799771811269,0.00938669985333032,0.198110489153082,0.0091369540723953,0.0998976573250094,0.00227711753231949,0.100231972359981,0.0181818181818182,0.364210498449656,0.0308810047280446,"group_means_two",FALSE,6,88.2050148867281,109.44566341
"88","mcdonald2019","Mc Donald, N. M., Perdue, K. L., Eilbott, J., Loyal, J., Shic, F., Pelphrey, K. A. (2019). Infant brain responses to social sounds: A longitudinal functional near-infrared spectroscopy study. Developmental Cognitive Neuroscience, 36, 100638.","Mc Donald et al. (2019)","yes","CI","infant","1","IDS_vs_H-NonCommunicative","mcdonald2019","PL","within_two","NIRS","test_only","typical","mean_amplitude",35,187.05,24.7,2,0.381,"yes","yes","yes","foreign",NA,NA,"non-speech vocalizations","fixed",NA,0.003,0.001,0.005,0.004,NA,NA,NA,NA,NA,NA,"Left hemisphere",NA,0.759966066617293,0.441726104299386,0.0165036812107191,0.431686874656218,0.0157620385116837,0.215665546406877,0.00357657254305901,0.219105726133752,0.03125,0.801202527143884,0.0542949349038297,"group_means_two",FALSE,6.14487516425756,92.6150148867282,63.4435704023147
"89","mcdonald2019","Mc Donald, N. M., Perdue, K. L., Eilbott, J., Loyal, J., Shic, F., Pelphrey, K. A. (2019). Infant brain responses to social sounds: A longitudinal functional near-infrared spectroscopy study. Developmental Cognitive Neuroscience, 36, 100638.","Mc Donald et al. (2019)","yes","CI","infant","1","IDS_vs_H-NonCommunicative","mcdonald2019","PL","within_two","NIRS","test_only","typical","mean_amplitude",35,187.05,24.7,2,0.381,"yes","yes","yes","foreign",NA,NA,"non-speech vocalizations","fixed",NA,0.003,0.004,0.004,0.004,NA,NA,NA,NA,NA,NA,"right hemisphere",NA,0.748746570806925,-0.25,0.01525019595389,-0.244318181818182,0.0145648823960448,-0.124034734589208,0.00363927844163545,-0.124676746921443,0.03125,-0.453449841058554,0.0501711337013293,"group_means_two",FALSE,6.14487516425756,92.6150148867282,68.6582955363622
"90","mcdonald2019","Mc Donald, N. M., Perdue, K. L., Eilbott, J., Loyal, J., Shic, F., Pelphrey, K. A. (2019). Infant brain responses to social sounds: A longitudinal functional near-infrared spectroscopy study. Developmental Cognitive Neuroscience, 36, 100638.","Mc Donald et al. (2019)","yes","CI","infant","1","IDS_vs_H-Communicative","mcdonald2019","PL","within_two","NIRS","test_only","typical","mean_amplitude",35,187.05,24.7,2,0.381,"yes","yes","yes","foreign",NA,NA,"non-speech vocalizations","fixed",NA,0.003,0.004,0.005,0.004,NA,NA,NA,NA,NA,NA,"Left hemisphere",NA,0.425530991725535,-0.220863052149693,0.0335236645843248,-0.215843437328109,0.0320171775911243,-0.10976425998969,0.00808162650363247,-0.110208294647265,0.03125,-0.400601263571942,0.110288435840699,"group_means_two",FALSE,6.14487516425756,92.6150148867282,31.2332340086472
"91","mcdonald2019","Mc Donald, N. M., Perdue, K. L., Eilbott, J., Loyal, J., Shic, F., Pelphrey, K. A. (2019). Infant brain responses to social sounds: A longitudinal functional near-infrared spectroscopy study. Developmental Cognitive Neuroscience, 36, 100638.","Mc Donald et al. (2019)","yes","CI","infant","1","IDS_vs_H-Communicative","mcdonald2019","PL","within_two","NIRS","test_only","typical","mean_amplitude",35,187.05,24.7,2,0.381,"yes","yes","yes","foreign",NA,NA,"non-speech vocalizations","fixed",NA,0.003,0.007,0.004,0.004,NA,NA,NA,NA,NA,NA,"right hemisphere",NA,0.759966066617293,-1,0.0280019390504404,-0.977272727272727,0.0267435874505497,-0.447213595499958,0.00358424819845637,-0.481211825059603,0.03125,-1.81379936423422,0.0921226869637541,"group_means_two",FALSE,6.14487516425756,92.6150148867282,37.3921412693436
"92","segal2011","Segal, O. & Kishon-Rabin, L. (2011). Listening Preference for Child-Directed Speech Versus Nonspeech Stimuli in Normal-Hearing and Hearing-Impaired Infants After Cochlear Implantation. Ear and Hearing, 32(3), 358-372. doi: 10.1097/AUD.0b013e3182008afc.","Segal & Kishon-Rabin (2011)","yes","CI","infant","1","CDS_vs_white_noise","segal2011_1","CF","within_two","eye-tracking","test_only","typical","looking_time",4,195.28,34.88,0,0,"no",NA,"no","native","female","passages","White noise","infant_controlled","IDS",5.89,3.32,2.34,2.28,NA,NA,NA,NA,NA,NA,"subgroup to reduce the age range.","mean and SD from individual data (Table 1 and 4 left)",0.748746570806925,1.11246030133825,0.280322704853236,0.695287688336406,0.109501056583295,0.486093359129098,0.0312168626503763,0.530932216343312,1,2.01777978730312,0.922224733848257,"group_means_two",FALSE,6.41524310118265,100.845014886728,9.13233197196887
"93","Vouloumanos2004","Vouloumanos, A., & Werker, J. F. (2004). Tuned to the signal: the priviledged status of speech for young infants. Developmental Science 7(3), 270â€“276. DOI: 10.1111/j.1467-7687.2004.00345.x","Vouloumanos & Werker (2004)","yes","CI","infant","1","speech vs. SWS","vouloumanos2004_6.5mo","CF","within_two","eye-tracking","test_only","typical","looking_time",16,196.64,NA,12,NA,"no",NA,"no","foreign","female","pseudo-words","Sine-Wave Speech","infant_controlled",NA,NA,NA,NA,NA,2.556,NA,NA,NA,NA,NA,NA,"mean and SD for each age group and sound type are available on fig. 2 (bar plot)",0.442083426787632,0.67499489344831,0.0839776374697115,0.638834452727864,0.0752210407054909,0.319776472330922,0.0151900692881133,0.331398100391385,0.0769230769230769,1.22430530859789,0.276275353454717,"t_two",FALSE,6.45992115637319,102.205014886728,13.2941526814984
"94","segal2011","Segal, O. & Kishon-Rabin, L. (2011). Listening Preference for Child-Directed Speech Versus Nonspeech Stimuli in Normal-Hearing and Hearing-Impaired Infants After Cochlear Implantation. Ear and Hearing, 32(3), 358-372. doi: 10.1097/AUD.0b013e3182008afc.","Segal & Kishon-Rabin (2011)","yes","CI","infant","2","fwd_vs_backward_CDS","segal2011_2","CF","within_two","eye-tracking","test_only","typical","looking_time",6,204.29,26.44,1,0.17,"no",NA,"no","native","female","passages","Backward speech","infant_controlled","IDS",5.29,4.34,2.12,1.7,NA,NA,NA,NA,NA,NA,"subgroup to reduce the age range.","mean and SD from individual data (Table 6 and 9 left)",0.310498396300499,0.494402884967853,0.250203385621878,0.401702344036381,0.165173328789443,0.239977814046262,0.0523544672994806,0.244750570821077,0.333333333333333,0.896747638430255,0.823136145300383,"group_means_two",FALSE,6.71123521681997,109.855014886728,6.05424621111053
"95","sorcinelli2019","Sorcinelli, A., Ference, J., CUrtin, S., & Vouloumanos, A. (2019). Journal of Experimental Child Psychology 178 (2019) 295â€“316","Sorcinelli et al. (2019)","yes","CI","infant","1","speech_vs_SWS","sorcinelli_TD1","CF","within_two","eye-tracking","test_only","typical","looking_time",60,277.004,54.792,24,0.4666666667,"no",NA,"no","foreign","female","pseudo-words","Sine-Wave Speech","infant_controlled",NA,10.7,9.3,5.5,5.4,2.12,NA,NA,0.559665061676455,NA,NA,"individual data available",NA,0.559665061676455,0.256869924058613,0.0152276825931671,0.253548330213028,0.0148364094617323,0.12738858776761,0.00362457752140138,0.128084456978519,0.0175438596491228,0.465910504948404,0.0500970677133048,"group_means_two",FALSE,9.1,182.569014886728,67.4017525991926
"96","yamashiro2019","Yamashiro, A., Curtin, S., & Vouloumanos, A. (2019). Does an Early Speech Preference Predict Linguistic and Social-Pragmatic Attention in Infants Displaying and Not Displaying Later ASD Symptoms? Journal of autism and developmental disorders.","Yamashiro et al. (2019)","yes","CI","infant","1","speech_vs_SWS","yamashiro2019","CF","within_two","behavior","test_only","typical","looking_time",34,277.004,93.4508,34,0.4074074074,"no",NA,"no","foreign","female","pseudo-words","Sine-Wave Speech","infant_controlled",NA,13.3,10.6,6.1,5.6,2.7,NA,NA,0.506001170960187,NA,NA,NA,NA,0.506001170960187,0.461117587801406,0.0321856580285153,0.45031014433731,0.0306946354184296,0.224664812992713,0.00688846732857594,0.228563514137011,0.032258064516129,0.836374787591406,0.105886570710064,"group_means_two",FALSE,9.1,182.569014886728,32.5789828211995
"97","segal2011","Segal, O. & Kishon-Rabin, L. (2011). Listening Preference for Child-Directed Speech Versus Nonspeech Stimuli in Normal-Hearing and Hearing-Impaired Infants After Cochlear Implantation. Ear and Hearing, 32(3), 358-372. doi: 10.1097/AUD.0b013e3182008afc.","Segal & Kishon-Rabin (2011)","yes","CI","infant","1","CDS_vs_white_noise","segal2011_1","CF","within_two","eye-tracking","test_only","typical","looking_time",6,278.22,36.44,0,0.5454545455,"no",NA,"no","native","female","passages","White noise","infant_controlled","IDS",7.41,3.72,2.12,1.7,NA,NA,NA,NA,NA,NA,"subgroup to reduce the age range.","mean and SD from individual data (Table 1 and 4 left)",0.425530991725535,1.92036489003303,0.498806445330785,1.56029647315184,0.329290192425401,0.692600310459236,0.0175648961928079,0.852936224752739,0.333333333333333,3.48315661663962,1.64100742937615,"group_means_two",FALSE,9.13994743758213,183.785014886728,3.03683505613834
"98","segal2011","Segal, O. & Kishon-Rabin, L. (2011). Listening Preference for Child-Directed Speech Versus Nonspeech Stimuli in Normal-Hearing and Hearing-Impaired Infants After Cochlear Implantation. Ear and Hearing, 32(3), 358-372. doi: 10.1097/AUD.0b013e3182008afc.","Segal & Kishon-Rabin (2011)","yes","CI","infant","2","fwd_vs_backward_CDS","segal2011_2","CF","within_two","eye-tracking","test_only","typical","looking_time",5,278.27,42.44,1,0.6,"no","yes","no","native","female","passages","Backward speech","infant_controlled","IDS",8.2,5.78,1.76,1.66,NA,NA,NA,NA,NA,NA,"subgroup to reduce the age range.","mean and SD from individual data (Table 6 and 9 left)",0.559665061676455,1.41460009153983,0.376243317227867,1.06095006865487,0.211636865940675,0.577455454728371,0.0278546441764994,0.658636741145699,0.5,2.5658007466806,1.2377908998642,"group_means_two",FALSE,9.1415900131406,183.835014886728,4.72507469601404
"99","sorcinelli2019","Sorcinelli, A., Ference, J., Curtin, S., & Vouloumanos, A. (2019). Journal of Experimental Child Psychology 178 (2019) 295â€“316","Sorcinelli et al. (2019)","yes","CI","infant","2","speech_vs_monkey","sorcinelli_TD2","CF","within_two","eye-tracking","test_only","typical","looking_time",54,280.048,30.44,30,0.5,"yes","no","yes","foreign","female","passages","Monkey calls","infant_controlled","IDS",16.6,18.7,9.5,8.7,2.26,NA,NA,0.721811023625778,NA,NA,"individual data available",NA,0.721811023625778,-0.230546614794811,0.0107954411767614,-0.22722142323527,0.0104862799429872,-0.114514984363704,0.00259407058183315,-0.115019531250079,0.0196078431372549,-0.418165303341179,0.035515577916622,"group_means_two",FALSE,9.2,185.613014886728,95.3627030211755
"100","segal2011","Segal, O. & Kishon-Rabin, L. (2011). Listening Preference for Child-Directed Speech Versus Nonspeech Stimuli in Normal-Hearing and Hearing-Impaired Infants After Cochlear Implantation. Ear and Hearing, 32(3), 358-372. doi: 10.1097/AUD.0b013e3182008afc.","Segal & Kishon-Rabin (2011)","yes","CI","infant","2","fwd_vs_backward_CDS","segal2011_2","CF","within_two","eye-tracking","test_only","typical","looking_time",5,351.04,82.88,1,1,"no","yes","no","native","female","passages","Backward speech","infant_controlled","IDS",8.29,5.62,3.66,2.58,NA,NA,NA,NA,NA,NA,"subgroup to reduce the age range.","mean and SD from individual data (Table 6 and 9 left)",0.451343778431303,0.843232644433989,0.290566617891392,0.632424483325492,0.163443722563908,0.388498150647019,0.0444646592382372,0.410029997713406,0.5,1.52945483437591,0.955925856916845,"group_means_two",FALSE,11.5321944809461,256.605014886728,6.1183139022607
"101","segal2011","Segal, O. & Kishon-Rabin, L. (2011). Listening Preference for Child-Directed Speech Versus Nonspeech Stimuli in Normal-Hearing and Hearing-Impaired Infants After Cochlear Implantation. Ear and Hearing, 32(3), 358-372. doi: 10.1097/AUD.0b013e3182008afc.","Segal & Kishon-Rabin (2011)","yes","CI","infant","1","CDS_vs_white_noise","segal2011_1","CF","within_two","eye-tracking","test_only","typical","looking_time",5,355.62,40.44,0,0.4,"no",NA,"no","native","female","passages","White noise","infant_controlled","IDS",8.86,2.32,2.67,0.84,NA,NA,NA,NA,NA,NA,"subgroup to reduce the age range.","mean and SD from individual data (Table 1 and 4 left)",0.721811023625778,3.3043580782079,1.20315382145147,2.47826855865592,0.676774024566451,0.855500790682444,0.00579750333049071,1.27631793547146,0.5,5.99344258145569,3.9582174171283,"group_means_two",TRUE,11.6826544021025,261.185014886728,1.47759808104428
"102","curtin2013","Curtin, S. & Vouloumanos, A. J Autism Dev Disord (2013) 43: 2114. https://doi.org/10.1007/s10803-013-1759-1","Curtin & Vouloumanos (2013)","yes","CI","infant","1","speech_vs_SWS","curtin2013","CF","within_two","behavior","test_only","typical","looking_time",28,379.5868,15.8288,NA,0.5483870968,"no",NA,"no","native","female","pseudo-words","Sine-Wave Speech","fixed",NA,11.7,9.5,5.3,3.8,2.16,NA,0.48,0.334740833370795,NA,NA,NA,NA,0.334740833370795,0.477078656202613,0.051582869834302,0.463316771889076,0.0486498571726807,0.232029302740768,0.0109230159855713,0.236333175346702,0.04,0.865324963310015,0.169700839712482,"group_means_two",FALSE,12.47,285.151814886728,20.5550449295368
"103","vouloumanos2014","Vouloumanos, A., Curtin, S. (2014). Foundational Tuning: How Infants' Attention to Speech Predicts Language Development. Cognitive Science 38(4),1675-1686.","Vouloumanos & Curtin (2014)","yes","CI","infant","1","speech_vs_SWS","vouloumanos2014","CF","within_two","behavior","test_only","typical","looking_time",27,380.5,15.8288,3,NA,"no",NA,"no","native","female","pseudo-words","Sine-Wave Speech","fixed",NA,12,9.6,5.2,3.9,2.29,NA,NA,0.310498396300499,NA,NA,NA,NA,0.310498396300499,0.522171161491604,0.056123502531324,0.506506026646856,0.0528066035317227,0.252617583901021,0.011512480681369,0.258206858950448,0.0416666666666667,0.947113720734915,0.184638922529235,"group_means_two",FALSE,12.5,286.065014886728,18.9370255445281
